{
"type": "FeatureCollection",
"name": "서울_지하철_종합",
"crs": { "type": "name", "properties": { "name": "urn:ogc:def:crs:OGC:1.3:CRS84" } },
"features": [
{ "type": "Feature", "properties": { "SWST_NM": "강일", "SWST_NO": 9995, "ADM_DR_CD": "1125051", "ADM_DR_NM": "강일동", "SIGUNGU_CD": "11250", "SIGUNGU_NM": "강동구", "hoseon": "5호선" }, "geometry": { "type": "Point", "coordinates": [ 127.17593, 37.55749 ] } },
{ "type": "Feature", "properties": { "SWST_NM": "수서", "SWST_NO": 9007, "ADM_DR_CD": "1123075", "ADM_DR_NM": "수서동", "SIGUNGU_CD": "11230", "SIGUNGU_NM": "강남구", "hoseon": "3호선" }, "geometry": { "type": "Point", "coordinates": [ 127.10161, 37.48637 ] } },
{ "type": "Feature", "properties": { "SWST_NM": "삼성", "SWST_NO": 9006, "ADM_DR_CD": "1123079", "ADM_DR_NM": "대치2동", "SIGUNGU_CD": "11230", "SIGUNGU_NM": "강남구", "hoseon": "2호선" }, "geometry": { "type": "Point", "coordinates": [ 127.06324, 37.50887 ] } },
{ "type": "Feature", "properties": { "SWST_NM": "서울", "SWST_NO": 9005, "ADM_DR_CD": "1102054", "ADM_DR_NM": "회현동", "SIGUNGU_CD": "11020", "SIGUNGU_NM": "중구", "hoseon": "인천국제공항선" }, "geometry": { "type": "Point", "coordinates": [ 126.97296, 37.55569 ] } },
{ "type": "Feature", "properties": { "SWST_NM": "연신내", "SWST_NO": 9004, "ADM_DR_CD": "1112058", "ADM_DR_NM": "대조동", "SIGUNGU_CD": "11120", "SIGUNGU_NM": "은평구", "hoseon": "3호선" }, "geometry": { "type": "Point", "coordinates": [ 126.9213, 37.61878 ] } },
{ "type": "Feature", "properties": { "SWST_NM": "김포공항", "SWST_NO": 4929, "ADM_DR_CD": "1116071", "ADM_DR_NM": "방화2동", "SIGUNGU_CD": "11160", "SIGUNGU_NM": "강서구", "hoseon": "인천국제공항선" }, "geometry": { "type": "Point", "coordinates": [ 126.801868, 37.56236 ] } },
{ "type": "Feature", "properties": { "SWST_NM": "신설동", "SWST_NO": 4713, "ADM_DR_CD": "1106081", "ADM_DR_NM": "용신동", "SIGUNGU_CD": "11010", "SIGUNGU_NM": "종로구", "hoseon": "우이신설선" }, "geometry": { "type": "Point", "coordinates": [ 127.023242, 37.576095 ] } },
{ "type": "Feature", "properties": { "SWST_NM": "보문", "SWST_NO": 4712, "ADM_DR_CD": "1108061", "ADM_DR_NM": "보문동", "SIGUNGU_CD": "11010", "SIGUNGU_NM": "종로구", "hoseon": "우이신설선" }, "geometry": { "type": "Point", "coordinates": [ 127.019381, 37.585286 ] } },
{ "type": "Feature", "properties": { "SWST_NM": "성신여대입구(돈암)", "SWST_NO": 4711, "ADM_DR_CD": "1108082", "ADM_DR_NM": "삼선동", "SIGUNGU_CD": "11010", "SIGUNGU_NM": "종로구", "hoseon": "4호선" }, "geometry": { "type": "Point", "coordinates": [ 127.016516, 37.592467 ] } },
{ "type": "Feature", "properties": { "SWST_NM": "정릉", "SWST_NO": 4710, "ADM_DR_CD": "1108062", "ADM_DR_NM": "정릉1동", "SIGUNGU_CD": "11080", "SIGUNGU_NM": "성북구", "hoseon": "우이신설선" }, "geometry": { "type": "Point", "coordinates": [ 127.013396, 37.603133 ] } },
{ "type": "Feature", "properties": { "SWST_NM": "북한산보국문", "SWST_NO": 4709, "ADM_DR_CD": "1108065", "ADM_DR_NM": "정릉4동", "SIGUNGU_CD": "11010", "SIGUNGU_NM": "종로구", "hoseon": "우이신설선" }, "geometry": { "type": "Point", "coordinates": [ 127.008251, 37.612072 ] } },
{ "type": "Feature", "properties": { "SWST_NM": "솔샘", "SWST_NO": 4708, "ADM_DR_CD": "1109069", "ADM_DR_NM": "삼양동", "SIGUNGU_CD": "11080", "SIGUNGU_NM": "성북구", "hoseon": "우이신설선" }, "geometry": { "type": "Point", "coordinates": [ 127.013626, 37.620238 ] } },
{ "type": "Feature", "properties": { "SWST_NM": "삼양사거리", "SWST_NO": 4707, "ADM_DR_CD": "1109069", "ADM_DR_NM": "삼양동", "SIGUNGU_CD": "11080", "SIGUNGU_NM": "성북구", "hoseon": "우이신설선" }, "geometry": { "type": "Point", "coordinates": [ 127.020473, 37.621337 ] } },
{ "type": "Feature", "properties": { "SWST_NM": "삼양", "SWST_NO": 4706, "ADM_DR_CD": "1109069", "ADM_DR_NM": "삼양동", "SIGUNGU_CD": "11080", "SIGUNGU_NM": "성북구", "hoseon": "우이신설선" }, "geometry": { "type": "Point", "coordinates": [ 127.018106, 37.626914 ] } },
{ "type": "Feature", "properties": { "SWST_NM": "화계", "SWST_NO": 4705, "ADM_DR_CD": "1109063", "ADM_DR_NM": "수유1동", "SIGUNGU_CD": "11080", "SIGUNGU_NM": "성북구", "hoseon": "우이신설선" }, "geometry": { "type": "Point", "coordinates": [ 127.017511, 37.634133 ] } },
{ "type": "Feature", "properties": { "SWST_NM": "가오리", "SWST_NO": 4704, "ADM_DR_CD": "1109064", "ADM_DR_NM": "수유2동", "SIGUNGU_CD": "11090", "SIGUNGU_NM": "강북구", "hoseon": "우이신설선" }, "geometry": { "type": "Point", "coordinates": [ 127.016789, 37.641537 ] } },
{ "type": "Feature", "properties": { "SWST_NM": "4.19민주묘지", "SWST_NO": 4703, "ADM_DR_CD": "1109074", "ADM_DR_NM": "우이동", "SIGUNGU_CD": "11090", "SIGUNGU_NM": "강북구", "hoseon": "우이신설선" }, "geometry": { "type": "Point", "coordinates": [ 127.013684, 37.649502 ] } },
{ "type": "Feature", "properties": { "SWST_NM": "솔밭공원", "SWST_NO": 4702, "ADM_DR_CD": "1109074", "ADM_DR_NM": "우이동", "SIGUNGU_CD": "11090", "SIGUNGU_NM": "강북구", "hoseon": "우이신설선" }, "geometry": { "type": "Point", "coordinates": [ 127.013273, 37.65603 ] } },
{ "type": "Feature", "properties": { "SWST_NM": "북한산우이", "SWST_NO": 4701, "ADM_DR_CD": "1109074", "ADM_DR_NM": "우이동", "SIGUNGU_CD": "11090", "SIGUNGU_NM": "강북구", "hoseon": "우이신설선" }, "geometry": { "type": "Point", "coordinates": [ 127.012706, 37.662909 ] } },
{ "type": "Feature", "properties": { "SWST_NM": "관악산(서울대)", "SWST_NO": 4411, "ADM_DR_CD": "1121073", "ADM_DR_NM": "대학동", "SIGUNGU_CD": "11210", "SIGUNGU_NM": "관악구", "hoseon": "수도권 경량도시철도 신림선" }, "geometry": { "type": "Point", "coordinates": [ 126.9450639, 37.4691018 ] } },
{ "type": "Feature", "properties": { "SWST_NM": "서울대벤처타운", "SWST_NO": 4410, "ADM_DR_CD": "1121066", "ADM_DR_NM": "서림동", "SIGUNGU_CD": "11210", "SIGUNGU_NM": "관악구", "hoseon": "수도권 경량도시철도 신림선" }, "geometry": { "type": "Point", "coordinates": [ 126.9339351, 37.4720019 ] } },
{ "type": "Feature", "properties": { "SWST_NM": "서원", "SWST_NO": 4409, "ADM_DR_CD": "1121064", "ADM_DR_NM": "서원동", "SIGUNGU_CD": "11210", "SIGUNGU_NM": "관악구", "hoseon": "수도권 경량도시철도 신림선" }, "geometry": { "type": "Point", "coordinates": [ 126.9330365, 37.4782341 ] } },
{ "type": "Feature", "properties": { "SWST_NM": "신림", "SWST_NO": 4408, "ADM_DR_CD": "1121069", "ADM_DR_NM": "신림동", "SIGUNGU_CD": "11200", "SIGUNGU_NM": "동작구", "hoseon": "수도권 경량도시철도 신림선" }, "geometry": { "type": "Point", "coordinates": [ 126.9296159, 37.4849266 ] } },
{ "type": "Feature", "properties": { "SWST_NM": "당곡", "SWST_NO": 4407, "ADM_DR_CD": "1121052", "ADM_DR_NM": "보라매동", "SIGUNGU_CD": "11200", "SIGUNGU_NM": "동작구", "hoseon": "수도권 경량도시철도 신림선" }, "geometry": { "type": "Point", "coordinates": [ 126.9275133, 37.4902998 ] } },
{ "type": "Feature", "properties": { "SWST_NM": "보라매병원", "SWST_NO": 4406, "ADM_DR_CD": "1120070", "ADM_DR_NM": "신대방2동", "SIGUNGU_CD": "11190", "SIGUNGU_NM": "영등포구", "hoseon": "수도권 경량도시철도 신림선" }, "geometry": { "type": "Point", "coordinates": [ 126.923496400000019, 37.4929598 ] } },
{ "type": "Feature", "properties": { "SWST_NM": "보라매공원", "SWST_NO": 4405, "ADM_DR_CD": "1120070", "ADM_DR_NM": "신대방2동", "SIGUNGU_CD": "11190", "SIGUNGU_NM": "영등포구", "hoseon": "수도권 경량도시철도 신림선" }, "geometry": { "type": "Point", "coordinates": [ 126.9180827, 37.4955691 ] } },
{ "type": "Feature", "properties": { "SWST_NM": "보라매", "SWST_NO": 4404, "ADM_DR_CD": "1119068", "ADM_DR_NM": "신길6동", "SIGUNGU_CD": "11190", "SIGUNGU_NM": "영등포구", "hoseon": "수도권 경량도시철도 신림선" }, "geometry": { "type": "Point", "coordinates": [ 126.9204355, 37.5002739 ] } },
{ "type": "Feature", "properties": { "SWST_NM": "서울지방병무청", "SWST_NO": 4403, "ADM_DR_CD": "1119069", "ADM_DR_NM": "신길7동", "SIGUNGU_CD": "11190", "SIGUNGU_NM": "영등포구", "hoseon": "수도권 경량도시철도 신림선" }, "geometry": { "type": "Point", "coordinates": [ 126.922708300000011, 37.5060464 ] } },
{ "type": "Feature", "properties": { "SWST_NM": "대방", "SWST_NO": 4402, "ADM_DR_CD": "1119069", "ADM_DR_NM": "신길7동", "SIGUNGU_CD": "11190", "SIGUNGU_NM": "영등포구", "hoseon": "수도권 경량도시철도 신림선" }, "geometry": { "type": "Point", "coordinates": [ 126.9257265, 37.5133059 ] } },
{ "type": "Feature", "properties": { "SWST_NM": "샛강", "SWST_NO": 4401, "ADM_DR_CD": "1119054", "ADM_DR_NM": "여의동", "SIGUNGU_CD": "11030", "SIGUNGU_NM": "용산구", "hoseon": "수도권 경량도시철도 신림선" }, "geometry": { "type": "Point", "coordinates": [ 126.929399, 37.5170969 ] } },
{ "type": "Feature", "properties": { "SWST_NM": "청계산입구", "SWST_NO": 4310, "ADM_DR_CD": "1122068", "ADM_DR_NM": "내곡동", "SIGUNGU_CD": "11220", "SIGUNGU_NM": "서초구", "hoseon": "신분당선" }, "geometry": { "type": "Point", "coordinates": [ 127.055664, 37.447211 ] } },
{ "type": "Feature", "properties": { "SWST_NM": "양재시민의숲(매헌)", "SWST_NO": 4309, "ADM_DR_CD": "1122067", "ADM_DR_NM": "양재2동", "SIGUNGU_CD": "11220", "SIGUNGU_NM": "서초구", "hoseon": "신분당선" }, "geometry": { "type": "Point", "coordinates": [ 127.03842, 37.470023 ] } },
{ "type": "Feature", "properties": { "SWST_NM": "양재(서초구청)", "SWST_NO": 4308, "ADM_DR_CD": "1122066", "ADM_DR_NM": "양재1동", "SIGUNGU_CD": "11220", "SIGUNGU_NM": "서초구", "hoseon": "신분당선" }, "geometry": { "type": "Point", "coordinates": [ 127.034653, 37.483809 ] } },
{ "type": "Feature", "properties": { "SWST_NM": "강남", "SWST_NO": 4307, "ADM_DR_CD": "1122052", "ADM_DR_NM": "서초2동", "SIGUNGU_CD": "11220", "SIGUNGU_NM": "서초구", "hoseon": "신분당선" }, "geometry": { "type": "Point", "coordinates": [ 127.028104, 37.496837 ] } },
{ "type": "Feature", "properties": { "SWST_NM": "신논현", "SWST_NO": 4306, "ADM_DR_CD": "1123064", "ADM_DR_NM": "역삼1동", "SIGUNGU_CD": "11220", "SIGUNGU_NM": "서초구", "hoseon": "신분당선" }, "geometry": { "type": "Point", "coordinates": [ 127.02506, 37.504598 ] } },
{ "type": "Feature", "properties": { "SWST_NM": "논현", "SWST_NO": 4305, "ADM_DR_CD": "1123052", "ADM_DR_NM": "논현1동", "SIGUNGU_CD": "11220", "SIGUNGU_NM": "서초구", "hoseon": "신분당선" }, "geometry": { "type": "Point", "coordinates": [ 127.021415, 37.511093 ] } },
{ "type": "Feature", "properties": { "SWST_NM": "신사", "SWST_NO": 4304, "ADM_DR_CD": "1123052", "ADM_DR_NM": "논현1동", "SIGUNGU_CD": "11220", "SIGUNGU_NM": "서초구", "hoseon": "신분당선" }, "geometry": { "type": "Point", "coordinates": [ 127.020114, 37.516334 ] } },
{ "type": "Feature", "properties": { "SWST_NM": "김포공항", "SWST_NO": 4207, "ADM_DR_CD": "1116071", "ADM_DR_NM": "방화2동", "SIGUNGU_CD": "11160", "SIGUNGU_NM": "강서구", "hoseon": "인천국제공항선" }, "geometry": { "type": "Point", "coordinates": [ 126.801904, 37.561842 ] } },
{ "type": "Feature", "properties": { "SWST_NM": "마곡나루", "SWST_NO": 4206, "ADM_DR_CD": "1116070", "ADM_DR_NM": "방화1동", "SIGUNGU_CD": "11160", "SIGUNGU_NM": "강서구", "hoseon": "인천국제공항선" }, "geometry": { "type": "Point", "coordinates": [ 126.827378, 37.565543 ] } },
{ "type": "Feature", "properties": { "SWST_NM": "디지털미디어시티", "SWST_NO": 4204, "ADM_DR_CD": "1114074", "ADM_DR_NM": "상암동", "SIGUNGU_CD": "11120", "SIGUNGU_NM": "은평구", "hoseon": "인천국제공항선" }, "geometry": { "type": "Point", "coordinates": [ 126.898609, 37.576958 ] } },
{ "type": "Feature", "properties": { "SWST_NM": "홍대입구", "SWST_NO": 4203, "ADM_DR_CD": "1114066", "ADM_DR_NM": "서교동", "SIGUNGU_CD": "11130", "SIGUNGU_NM": "서대문구", "hoseon": "인천국제공항선" }, "geometry": { "type": "Point", "coordinates": [ 126.926715, 37.557438 ] } },
{ "type": "Feature", "properties": { "SWST_NM": "공덕", "SWST_NO": 4202, "ADM_DR_CD": "1114075", "ADM_DR_NM": "도화동", "SIGUNGU_CD": "11030", "SIGUNGU_NM": "용산구", "hoseon": "인천국제공항선" }, "geometry": { "type": "Point", "coordinates": [ 126.952024, 37.54253 ] } },
{ "type": "Feature", "properties": { "SWST_NM": "서울역", "SWST_NO": 4201, "ADM_DR_CD": "1103053", "ADM_DR_NM": "남영동", "SIGUNGU_CD": "11020", "SIGUNGU_NM": "중구", "hoseon": "인천국제공항선" }, "geometry": { "type": "Point", "coordinates": [ 126.969769, 37.553247 ] } },
{ "type": "Feature", "properties": { "SWST_NM": "중앙보훈병원", "SWST_NO": 4138, "ADM_DR_CD": "1125071", "ADM_DR_NM": "둔촌2동", "SIGUNGU_CD": "11250", "SIGUNGU_NM": "강동구", "hoseon": "수도권 도시철도 9호선" }, "geometry": { "type": "Point", "coordinates": [ 127.148739, 37.529191 ] } },
{ "type": "Feature", "properties": { "SWST_NM": "둔촌오륜", "SWST_NO": 4137, "ADM_DR_CD": "1125070", "ADM_DR_NM": "둔촌1동", "SIGUNGU_CD": "11240", "SIGUNGU_NM": "송파구", "hoseon": "수도권 도시철도 9호선" }, "geometry": { "type": "Point", "coordinates": [ 127.137989, 37.519683 ] } },
{ "type": "Feature", "properties": { "SWST_NM": "올림픽공원(한국체대)", "SWST_NO": 4136, "ADM_DR_CD": "1124059", "ADM_DR_NM": "오륜동", "SIGUNGU_CD": "11240", "SIGUNGU_NM": "송파구", "hoseon": "수도권 도시철도 9호선" }, "geometry": { "type": "Point", "coordinates": [ 127.130288, 37.516269 ] } },
{ "type": "Feature", "properties": { "SWST_NM": "한성백제", "SWST_NO": 4135, "ADM_DR_CD": "1124059", "ADM_DR_NM": "오륜동", "SIGUNGU_CD": "11240", "SIGUNGU_NM": "송파구", "hoseon": "수도권 도시철도 9호선" }, "geometry": { "type": "Point", "coordinates": [ 127.116503, 37.516404 ] } },
{ "type": "Feature", "properties": { "SWST_NM": "송파나루", "SWST_NO": 4134, "ADM_DR_CD": "1124058", "ADM_DR_NM": "방이2동", "SIGUNGU_CD": "11240", "SIGUNGU_NM": "송파구", "hoseon": "수도권 도시철도 9호선" }, "geometry": { "type": "Point", "coordinates": [ 127.112216, 37.510372 ] } },
{ "type": "Feature", "properties": { "SWST_NM": "석촌", "SWST_NO": 4133, "ADM_DR_CD": "1124063", "ADM_DR_NM": "석촌동", "SIGUNGU_CD": "11240", "SIGUNGU_NM": "송파구", "hoseon": "수도권 도시철도 9호선" }, "geometry": { "type": "Point", "coordinates": [ 127.10704, 37.505208 ] } },
{ "type": "Feature", "properties": { "SWST_NM": "석촌고분", "SWST_NO": 4132, "ADM_DR_CD": "1124063", "ADM_DR_NM": "석촌동", "SIGUNGU_CD": "11240", "SIGUNGU_NM": "송파구", "hoseon": "수도권 도시철도 9호선" }, "geometry": { "type": "Point", "coordinates": [ 127.097033, 37.502558 ] } },
{ "type": "Feature", "properties": { "SWST_NM": "삼전", "SWST_NO": 4131, "ADM_DR_CD": "1124071", "ADM_DR_NM": "잠실본동", "SIGUNGU_CD": "11230", "SIGUNGU_NM": "강남구", "hoseon": "수도권 도시철도 9호선" }, "geometry": { "type": "Point", "coordinates": [ 127.088025, 37.504738 ] } },
{ "type": "Feature", "properties": { "SWST_NM": "종합운동장", "SWST_NO": 4130, "ADM_DR_CD": "1124078", "ADM_DR_NM": "잠실7동", "SIGUNGU_CD": "11230", "SIGUNGU_NM": "강남구", "hoseon": "수도권 도시철도 9호선" }, "geometry": { "type": "Point", "coordinates": [ 127.076275, 37.511426 ] } },
{ "type": "Feature", "properties": { "SWST_NM": "봉은사", "SWST_NO": 4129, "ADM_DR_CD": "1123058", "ADM_DR_NM": "삼성1동", "SIGUNGU_CD": "11050", "SIGUNGU_NM": "광진구", "hoseon": "수도권 도시철도 9호선" }, "geometry": { "type": "Point", "coordinates": [ 127.060245, 37.514219 ] } },
{ "type": "Feature", "properties": { "SWST_NM": "삼성중앙", "SWST_NO": 4128, "ADM_DR_CD": "1123059", "ADM_DR_NM": "삼성2동", "SIGUNGU_CD": "11230", "SIGUNGU_NM": "강남구", "hoseon": "수도권 도시철도 9호선" }, "geometry": { "type": "Point", "coordinates": [ 127.053282, 37.513011 ] } },
{ "type": "Feature", "properties": { "SWST_NM": "선정릉", "SWST_NO": 4127, "ADM_DR_CD": "1123059", "ADM_DR_NM": "삼성2동", "SIGUNGU_CD": "11230", "SIGUNGU_NM": "강남구", "hoseon": "수도권 도시철도 9호선" }, "geometry": { "type": "Point", "coordinates": [ 127.043999, 37.510297 ] } },
{ "type": "Feature", "properties": { "SWST_NM": "언주", "SWST_NO": 4126, "ADM_DR_CD": "1123064", "ADM_DR_NM": "역삼1동", "SIGUNGU_CD": "11220", "SIGUNGU_NM": "서초구", "hoseon": "수도권 도시철도 9호선" }, "geometry": { "type": "Point", "coordinates": [ 127.033868, 37.507287 ] } },
{ "type": "Feature", "properties": { "SWST_NM": "신논현", "SWST_NO": 4125, "ADM_DR_CD": "1123064", "ADM_DR_NM": "역삼1동", "SIGUNGU_CD": "11220", "SIGUNGU_NM": "서초구", "hoseon": "수도권 도시철도 9호선" }, "geometry": { "type": "Point", "coordinates": [ 127.02506, 37.504598 ] } },
{ "type": "Feature", "properties": { "SWST_NM": "사평", "SWST_NO": 4124, "ADM_DR_CD": "1122057", "ADM_DR_NM": "반포1동", "SIGUNGU_CD": "11220", "SIGUNGU_NM": "서초구", "hoseon": "수도권 도시철도 9호선" }, "geometry": { "type": "Point", "coordinates": [ 127.015259, 37.504206 ] } },
{ "type": "Feature", "properties": { "SWST_NM": "고속터미널", "SWST_NO": 4123, "ADM_DR_CD": "1122060", "ADM_DR_NM": "반포4동", "SIGUNGU_CD": "11220", "SIGUNGU_NM": "서초구", "hoseon": "수도권 도시철도 9호선" }, "geometry": { "type": "Point", "coordinates": [ 127.004403, 37.50598 ] } },
{ "type": "Feature", "properties": { "SWST_NM": "신반포", "SWST_NO": 4122, "ADM_DR_CD": "1122058", "ADM_DR_NM": "반포2동", "SIGUNGU_CD": "11030", "SIGUNGU_NM": "용산구", "hoseon": "수도권 도시철도 9호선" }, "geometry": { "type": "Point", "coordinates": [ 126.995925, 37.503415 ] } },
{ "type": "Feature", "properties": { "SWST_NM": "구반포", "SWST_NO": 4121, "ADM_DR_CD": "1122056", "ADM_DR_NM": "반포본동", "SIGUNGU_CD": "11030", "SIGUNGU_NM": "용산구", "hoseon": "수도권 도시철도 9호선" }, "geometry": { "type": "Point", "coordinates": [ 126.987332, 37.501364 ] } },
{ "type": "Feature", "properties": { "SWST_NM": "동작(현충원)", "SWST_NO": 4120, "ADM_DR_CD": "1120073", "ADM_DR_NM": "사당2동", "SIGUNGU_CD": "11030", "SIGUNGU_NM": "용산구", "hoseon": "수도권 도시철도 9호선" }, "geometry": { "type": "Point", "coordinates": [ 126.978153, 37.502878 ] } },
{ "type": "Feature", "properties": { "SWST_NM": "흑석(중앙대입구)", "SWST_NO": 4119, "ADM_DR_CD": "1120071", "ADM_DR_NM": "흑석동", "SIGUNGU_CD": "11030", "SIGUNGU_NM": "용산구", "hoseon": "수도권 도시철도 9호선" }, "geometry": { "type": "Point", "coordinates": [ 126.963708, 37.50877 ] } },
{ "type": "Feature", "properties": { "SWST_NM": "노들", "SWST_NO": 4118, "ADM_DR_CD": "1120072", "ADM_DR_NM": "노량진1동", "SIGUNGU_CD": "11030", "SIGUNGU_NM": "용산구", "hoseon": "수도권 도시철도 9호선" }, "geometry": { "type": "Point", "coordinates": [ 126.953222, 37.512887 ] } },
{ "type": "Feature", "properties": { "SWST_NM": "노량진", "SWST_NO": 4117, "ADM_DR_CD": "1120072", "ADM_DR_NM": "노량진1동", "SIGUNGU_CD": "11030", "SIGUNGU_NM": "용산구", "hoseon": "수도권 도시철도 9호선" }, "geometry": { "type": "Point", "coordinates": [ 126.941005, 37.513534 ] } },
{ "type": "Feature", "properties": { "SWST_NM": "샛강", "SWST_NO": 4116, "ADM_DR_CD": "1119054", "ADM_DR_NM": "여의동", "SIGUNGU_CD": "11030", "SIGUNGU_NM": "용산구", "hoseon": "수도권 도시철도 9호선" }, "geometry": { "type": "Point", "coordinates": [ 126.928422, 37.517274 ] } },
{ "type": "Feature", "properties": { "SWST_NM": "여의도", "SWST_NO": 4115, "ADM_DR_CD": "1119054", "ADM_DR_NM": "여의동", "SIGUNGU_CD": "11030", "SIGUNGU_NM": "용산구", "hoseon": "수도권 도시철도 9호선" }, "geometry": { "type": "Point", "coordinates": [ 126.92403, 37.52176 ] } },
{ "type": "Feature", "properties": { "SWST_NM": "국회의사당", "SWST_NO": 4114, "ADM_DR_CD": "1119054", "ADM_DR_NM": "여의동", "SIGUNGU_CD": "11030", "SIGUNGU_NM": "용산구", "hoseon": "수도권 도시철도 9호선" }, "geometry": { "type": "Point", "coordinates": [ 126.917874, 37.528105 ] } },
{ "type": "Feature", "properties": { "SWST_NM": "당산", "SWST_NO": 4113, "ADM_DR_CD": "1119056", "ADM_DR_NM": "당산2동", "SIGUNGU_CD": "11140", "SIGUNGU_NM": "마포구", "hoseon": "수도권 도시철도 9호선" }, "geometry": { "type": "Point", "coordinates": [ 126.902809, 37.533406 ] } },
{ "type": "Feature", "properties": { "SWST_NM": "선유도", "SWST_NO": 4112, "ADM_DR_CD": "1119062", "ADM_DR_NM": "양평2동", "SIGUNGU_CD": "11140", "SIGUNGU_NM": "마포구", "hoseon": "수도권 도시철도 9호선" }, "geometry": { "type": "Point", "coordinates": [ 126.893525, 37.53802 ] } },
{ "type": "Feature", "properties": { "SWST_NM": "신목동", "SWST_NO": 4111, "ADM_DR_CD": "1115052", "ADM_DR_NM": "목2동", "SIGUNGU_CD": "11150", "SIGUNGU_NM": "양천구", "hoseon": "수도권 도시철도 9호선" }, "geometry": { "type": "Point", "coordinates": [ 126.88308, 37.544277 ] } },
{ "type": "Feature", "properties": { "SWST_NM": "염창", "SWST_NO": 4110, "ADM_DR_CD": "1115052", "ADM_DR_NM": "목2동", "SIGUNGU_CD": "11150", "SIGUNGU_NM": "양천구", "hoseon": "수도권 도시철도 9호선" }, "geometry": { "type": "Point", "coordinates": [ 126.874916, 37.546936 ] } },
{ "type": "Feature", "properties": { "SWST_NM": "등촌", "SWST_NO": 4109, "ADM_DR_CD": "1115053", "ADM_DR_NM": "목3동", "SIGUNGU_CD": "11150", "SIGUNGU_NM": "양천구", "hoseon": "수도권 도시철도 9호선" }, "geometry": { "type": "Point", "coordinates": [ 126.865689, 37.550632 ] } },
{ "type": "Feature", "properties": { "SWST_NM": "증미", "SWST_NO": 4108, "ADM_DR_CD": "1116052", "ADM_DR_NM": "등촌1동", "SIGUNGU_CD": "11150", "SIGUNGU_NM": "양천구", "hoseon": "수도권 도시철도 9호선" }, "geometry": { "type": "Point", "coordinates": [ 126.861939, 37.557402 ] } },
{ "type": "Feature", "properties": { "SWST_NM": "가양", "SWST_NO": 4107, "ADM_DR_CD": "1116054", "ADM_DR_NM": "등촌3동", "SIGUNGU_CD": "11160", "SIGUNGU_NM": "강서구", "hoseon": "수도권 도시철도 9호선" }, "geometry": { "type": "Point", "coordinates": [ 126.854456, 37.561391 ] } },
{ "type": "Feature", "properties": { "SWST_NM": "양천향교", "SWST_NO": 4106, "ADM_DR_CD": "1116064", "ADM_DR_NM": "가양1동", "SIGUNGU_CD": "11160", "SIGUNGU_NM": "강서구", "hoseon": "수도권 도시철도 9호선" }, "geometry": { "type": "Point", "coordinates": [ 126.841333, 37.568381 ] } },
{ "type": "Feature", "properties": { "SWST_NM": "마곡나루", "SWST_NO": 4105, "ADM_DR_CD": "1116064", "ADM_DR_NM": "가양1동", "SIGUNGU_CD": "11160", "SIGUNGU_NM": "강서구", "hoseon": "수도권 도시철도 9호선" }, "geometry": { "type": "Point", "coordinates": [ 126.82731, 37.566778 ] } },
{ "type": "Feature", "properties": { "SWST_NM": "신방화", "SWST_NO": 4104, "ADM_DR_CD": "1116070", "ADM_DR_NM": "방화1동", "SIGUNGU_CD": "11160", "SIGUNGU_NM": "강서구", "hoseon": "수도권 도시철도 9호선" }, "geometry": { "type": "Point", "coordinates": [ 126.816601, 37.567532 ] } },
{ "type": "Feature", "properties": { "SWST_NM": "공항시장", "SWST_NO": 4103, "ADM_DR_CD": "1116069", "ADM_DR_NM": "공항동", "SIGUNGU_CD": "11160", "SIGUNGU_NM": "강서구", "hoseon": "수도권 도시철도 9호선" }, "geometry": { "type": "Point", "coordinates": [ 126.810678, 37.563726 ] } },
{ "type": "Feature", "properties": { "SWST_NM": "김포공항", "SWST_NO": 4102, "ADM_DR_CD": "1116071", "ADM_DR_NM": "방화2동", "SIGUNGU_CD": "11160", "SIGUNGU_NM": "강서구", "hoseon": "수도권 도시철도 9호선" }, "geometry": { "type": "Point", "coordinates": [ 126.802152, 37.561916 ] } },
{ "type": "Feature", "properties": { "SWST_NM": "개화", "SWST_NO": 4101, "ADM_DR_CD": "1116071", "ADM_DR_NM": "방화2동", "SIGUNGU_CD": "11160", "SIGUNGU_NM": "강서구", "hoseon": "수도권 도시철도 9호선" }, "geometry": { "type": "Point", "coordinates": [ 126.798153, 37.578608 ] } },
{ "type": "Feature", "properties": { "SWST_NM": "복정", "SWST_NO": 2821, "ADM_DR_CD": "1124069", "ADM_DR_NM": "문정2동", "SIGUNGU_CD": "11230", "SIGUNGU_NM": "강남구", "hoseon": "8호선" }, "geometry": { "type": "Point", "coordinates": [ 127.126732, 37.471052 ] } },
{ "type": "Feature", "properties": { "SWST_NM": "장지", "SWST_NO": 2820, "ADM_DR_CD": "1124081", "ADM_DR_NM": "장지동", "SIGUNGU_CD": "11240", "SIGUNGU_NM": "송파구", "hoseon": "8호선" }, "geometry": { "type": "Point", "coordinates": [ 127.126191, 37.478703 ] } },
{ "type": "Feature", "properties": { "SWST_NM": "문정", "SWST_NO": 2819, "ADM_DR_CD": "1124069", "ADM_DR_NM": "문정2동", "SIGUNGU_CD": "11230", "SIGUNGU_NM": "강남구", "hoseon": "8호선" }, "geometry": { "type": "Point", "coordinates": [ 127.1225, 37.485855 ] } },
{ "type": "Feature", "properties": { "SWST_NM": "가락시장", "SWST_NO": 2818, "ADM_DR_CD": "1124066", "ADM_DR_NM": "가락1동", "SIGUNGU_CD": "11230", "SIGUNGU_NM": "강남구", "hoseon": "3호선" }, "geometry": { "type": "Point", "coordinates": [ 127.118398, 37.492888 ] } },
{ "type": "Feature", "properties": { "SWST_NM": "송파", "SWST_NO": 2817, "ADM_DR_CD": "1124066", "ADM_DR_NM": "가락1동", "SIGUNGU_CD": "11230", "SIGUNGU_NM": "강남구", "hoseon": "8호선" }, "geometry": { "type": "Point", "coordinates": [ 127.112183, 37.499703 ] } },
{ "type": "Feature", "properties": { "SWST_NM": "석촌", "SWST_NO": 2816, "ADM_DR_CD": "1124063", "ADM_DR_NM": "석촌동", "SIGUNGU_CD": "11240", "SIGUNGU_NM": "송파구", "hoseon": "8호선" }, "geometry": { "type": "Point", "coordinates": [ 127.106832, 37.505557 ] } },
{ "type": "Feature", "properties": { "SWST_NM": "잠실(송파구청)", "SWST_NO": 2815, "ADM_DR_CD": "1124077", "ADM_DR_NM": "잠실6동", "SIGUNGU_CD": "11050", "SIGUNGU_NM": "광진구", "hoseon": "2호선" }, "geometry": { "type": "Point", "coordinates": [ 127.104338, 37.514692 ] } },
{ "type": "Feature", "properties": { "SWST_NM": "몽촌토성(평화의문)", "SWST_NO": 2814, "ADM_DR_CD": "1124075", "ADM_DR_NM": "잠실4동", "SIGUNGU_CD": "11240", "SIGUNGU_NM": "송파구", "hoseon": "8호선" }, "geometry": { "type": "Point", "coordinates": [ 127.112359, 37.517409 ] } },
{ "type": "Feature", "properties": { "SWST_NM": "강동구청", "SWST_NO": 2813, "ADM_DR_CD": "1125065", "ADM_DR_NM": "성내1동", "SIGUNGU_CD": "11240", "SIGUNGU_NM": "송파구", "hoseon": "8호선" }, "geometry": { "type": "Point", "coordinates": [ 127.120508, 37.530341 ] } },
{ "type": "Feature", "properties": { "SWST_NM": "천호(풍납토성)", "SWST_NO": 2812, "ADM_DR_CD": "1125066", "ADM_DR_NM": "성내2동", "SIGUNGU_CD": "11240", "SIGUNGU_NM": "송파구", "hoseon": "5호선" }, "geometry": { "type": "Point", "coordinates": [ 127.123254, 37.538113 ] } },
{ "type": "Feature", "properties": { "SWST_NM": "암사", "SWST_NO": 2811, "ADM_DR_CD": "1125058", "ADM_DR_NM": "암사2동", "SIGUNGU_CD": "11050", "SIGUNGU_NM": "광진구", "hoseon": "8호선" }, "geometry": { "type": "Point", "coordinates": [ 127.127562, 37.55021 ] } },
{ "type": "Feature", "properties": { "SWST_NM": "암사역사공원", "SWST_NO": 2810, "ADM_DR_CD": "1125059", "ADM_DR_NM": "암사3동", "SIGUNGU_CD": "11250", "SIGUNGU_NM": "강동구", "hoseon": "8호선" }, "geometry": { "type": "Point", "coordinates": [ 127.13702, 37.55695 ] } },
{ "type": "Feature", "properties": { "SWST_NM": "온수(성공회대입구)", "SWST_NO": 2752, "ADM_DR_CD": "1117069", "ADM_DR_NM": "수궁동", "SIGUNGU_CD": "11150", "SIGUNGU_NM": "양천구", "hoseon": "7호선" }, "geometry": { "type": "Point", "coordinates": [ 126.823023, 37.492092 ] } },
{ "type": "Feature", "properties": { "SWST_NM": "천왕", "SWST_NO": 2751, "ADM_DR_CD": "1117073", "ADM_DR_NM": "오류2동", "SIGUNGU_CD": "11170", "SIGUNGU_NM": "구로구", "hoseon": "7호선" }, "geometry": { "type": "Point", "coordinates": [ 126.838713, 37.486637 ] } },
{ "type": "Feature", "properties": { "SWST_NM": "가산디지털단지", "SWST_NO": 2748, "ADM_DR_CD": "1118051", "ADM_DR_NM": "가산동", "SIGUNGU_CD": "11170", "SIGUNGU_NM": "구로구", "hoseon": "7호선" }, "geometry": { "type": "Point", "coordinates": [ 126.882656, 37.480338 ] } },
{ "type": "Feature", "properties": { "SWST_NM": "남구로", "SWST_NO": 2747, "ADM_DR_CD": "1117054", "ADM_DR_NM": "구로3동", "SIGUNGU_CD": "11170", "SIGUNGU_NM": "구로구", "hoseon": "7호선" }, "geometry": { "type": "Point", "coordinates": [ 126.887249, 37.486056 ] } },
{ "type": "Feature", "properties": { "SWST_NM": "대림(구로구청)", "SWST_NO": 2746, "ADM_DR_CD": "1119071", "ADM_DR_NM": "대림2동", "SIGUNGU_CD": "11170", "SIGUNGU_NM": "구로구", "hoseon": "7호선" }, "geometry": { "type": "Point", "coordinates": [ 126.897075, 37.493013 ] } },
{ "type": "Feature", "properties": { "SWST_NM": "신풍", "SWST_NO": 2745, "ADM_DR_CD": "1119068", "ADM_DR_NM": "신길6동", "SIGUNGU_CD": "11190", "SIGUNGU_NM": "영등포구", "hoseon": "7호선" }, "geometry": { "type": "Point", "coordinates": [ 126.90993, 37.50008 ] } },
{ "type": "Feature", "properties": { "SWST_NM": "보라매", "SWST_NO": 2744, "ADM_DR_CD": "1120068", "ADM_DR_NM": "대방동", "SIGUNGU_CD": "11190", "SIGUNGU_NM": "영등포구", "hoseon": "7호선" }, "geometry": { "type": "Point", "coordinates": [ 126.920428, 37.499872 ] } },
{ "type": "Feature", "properties": { "SWST_NM": "신대방삼거리", "SWST_NO": 2743, "ADM_DR_CD": "1120068", "ADM_DR_NM": "대방동", "SIGUNGU_CD": "11190", "SIGUNGU_NM": "영등포구", "hoseon": "7호선" }, "geometry": { "type": "Point", "coordinates": [ 126.928276, 37.499701 ] } },
{ "type": "Feature", "properties": { "SWST_NM": "장승배기", "SWST_NO": 2742, "ADM_DR_CD": "1120054", "ADM_DR_NM": "상도2동", "SIGUNGU_CD": "11200", "SIGUNGU_NM": "동작구", "hoseon": "7호선" }, "geometry": { "type": "Point", "coordinates": [ 126.93915, 37.504898 ] } },
{ "type": "Feature", "properties": { "SWST_NM": "상도", "SWST_NO": 2741, "ADM_DR_CD": "1120053", "ADM_DR_NM": "상도1동", "SIGUNGU_CD": "11200", "SIGUNGU_NM": "동작구", "hoseon": "7호선" }, "geometry": { "type": "Point", "coordinates": [ 126.94791, 37.502834 ] } },
{ "type": "Feature", "properties": { "SWST_NM": "숭실대입구(살피재)", "SWST_NO": 2740, "ADM_DR_CD": "1120053", "ADM_DR_NM": "상도1동", "SIGUNGU_CD": "11200", "SIGUNGU_NM": "동작구", "hoseon": "7호선" }, "geometry": { "type": "Point", "coordinates": [ 126.953822, 37.496029 ] } },
{ "type": "Feature", "properties": { "SWST_NM": "남성", "SWST_NO": 2739, "ADM_DR_CD": "1120066", "ADM_DR_NM": "사당4동", "SIGUNGU_CD": "11200", "SIGUNGU_NM": "동작구", "hoseon": "7호선" }, "geometry": { "type": "Point", "coordinates": [ 126.971251, 37.484596 ] } },
{ "type": "Feature", "properties": { "SWST_NM": "이수", "SWST_NO": 2738, "ADM_DR_CD": "1120063", "ADM_DR_NM": "사당1동", "SIGUNGU_CD": "11200", "SIGUNGU_NM": "동작구", "hoseon": "7호선" }, "geometry": { "type": "Point", "coordinates": [ 126.981605, 37.485196 ] } },
{ "type": "Feature", "properties": { "SWST_NM": "내방", "SWST_NO": 2737, "ADM_DR_CD": "1122062", "ADM_DR_NM": "방배1동", "SIGUNGU_CD": "11220", "SIGUNGU_NM": "서초구", "hoseon": "7호선" }, "geometry": { "type": "Point", "coordinates": [ 126.993513, 37.487618 ] } },
{ "type": "Feature", "properties": { "SWST_NM": "고속터미널", "SWST_NO": 2736, "ADM_DR_CD": "1122060", "ADM_DR_NM": "반포4동", "SIGUNGU_CD": "11220", "SIGUNGU_NM": "서초구", "hoseon": "7호선" }, "geometry": { "type": "Point", "coordinates": [ 127.005068, 37.503367 ] } },
{ "type": "Feature", "properties": { "SWST_NM": "반포", "SWST_NO": 2735, "ADM_DR_CD": "1122057", "ADM_DR_NM": "반포1동", "SIGUNGU_CD": "11220", "SIGUNGU_NM": "서초구", "hoseon": "7호선" }, "geometry": { "type": "Point", "coordinates": [ 127.011727, 37.508178 ] } },
{ "type": "Feature", "properties": { "SWST_NM": "논현", "SWST_NO": 2734, "ADM_DR_CD": "1123052", "ADM_DR_NM": "논현1동", "SIGUNGU_CD": "11220", "SIGUNGU_NM": "서초구", "hoseon": "7호선" }, "geometry": { "type": "Point", "coordinates": [ 127.021415, 37.511093 ] } },
{ "type": "Feature", "properties": { "SWST_NM": "학동", "SWST_NO": 2733, "ADM_DR_CD": "1123053", "ADM_DR_NM": "논현2동", "SIGUNGU_CD": "11230", "SIGUNGU_NM": "강남구", "hoseon": "7호선" }, "geometry": { "type": "Point", "coordinates": [ 127.031656, 37.514229 ] } },
{ "type": "Feature", "properties": { "SWST_NM": "강남구청", "SWST_NO": 2732, "ADM_DR_CD": "1123053", "ADM_DR_NM": "논현2동", "SIGUNGU_CD": "11230", "SIGUNGU_NM": "강남구", "hoseon": "7호선" }, "geometry": { "type": "Point", "coordinates": [ 127.041255, 37.517179 ] } },
{ "type": "Feature", "properties": { "SWST_NM": "청담", "SWST_NO": 2731, "ADM_DR_CD": "1123058", "ADM_DR_NM": "삼성1동", "SIGUNGU_CD": "11050", "SIGUNGU_NM": "광진구", "hoseon": "7호선" }, "geometry": { "type": "Point", "coordinates": [ 127.05335, 37.519365 ] } },
{ "type": "Feature", "properties": { "SWST_NM": "뚝섬유원지", "SWST_NO": 2730, "ADM_DR_CD": "1105067", "ADM_DR_NM": "자양4동", "SIGUNGU_CD": "11040", "SIGUNGU_NM": "성동구", "hoseon": "7호선" }, "geometry": { "type": "Point", "coordinates": [ 127.066704, 37.53154 ] } },
{ "type": "Feature", "properties": { "SWST_NM": "건대입구", "SWST_NO": 2729, "ADM_DR_CD": "1105053", "ADM_DR_NM": "화양동", "SIGUNGU_CD": "11040", "SIGUNGU_NM": "성동구", "hoseon": "7호선" }, "geometry": { "type": "Point", "coordinates": [ 127.071011, 37.540786 ] } },
{ "type": "Feature", "properties": { "SWST_NM": "어린이대공원(세종대)", "SWST_NO": 2728, "ADM_DR_CD": "1105059", "ADM_DR_NM": "능동", "SIGUNGU_CD": "11050", "SIGUNGU_NM": "광진구", "hoseon": "7호선" }, "geometry": { "type": "Point", "coordinates": [ 127.074658, 37.548014 ] } },
{ "type": "Feature", "properties": { "SWST_NM": "군자(능동)", "SWST_NO": 2727, "ADM_DR_CD": "1105059", "ADM_DR_NM": "능동", "SIGUNGU_CD": "11050", "SIGUNGU_NM": "광진구", "hoseon": "7호선" }, "geometry": { "type": "Point", "coordinates": [ 127.079338, 37.556897 ] } },
{ "type": "Feature", "properties": { "SWST_NM": "중곡", "SWST_NO": 2726, "ADM_DR_CD": "1105057", "ADM_DR_NM": "중곡3동", "SIGUNGU_CD": "11050", "SIGUNGU_NM": "광진구", "hoseon": "7호선" }, "geometry": { "type": "Point", "coordinates": [ 127.08432, 37.565923 ] } },
{ "type": "Feature", "properties": { "SWST_NM": "용마산", "SWST_NO": 2725, "ADM_DR_CD": "1107054", "ADM_DR_NM": "면목4동", "SIGUNGU_CD": "11050", "SIGUNGU_NM": "광진구", "hoseon": "7호선" }, "geometry": { "type": "Point", "coordinates": [ 127.086727, 37.573647 ] } },
{ "type": "Feature", "properties": { "SWST_NM": "사가정", "SWST_NO": 2724, "ADM_DR_CD": "1107072", "ADM_DR_NM": "면목3·8동", "SIGUNGU_CD": "11070", "SIGUNGU_NM": "중랑구", "hoseon": "7호선" }, "geometry": { "type": "Point", "coordinates": [ 127.088478, 37.580894 ] } },
{ "type": "Feature", "properties": { "SWST_NM": "면목", "SWST_NO": 2723, "ADM_DR_CD": "1107071", "ADM_DR_NM": "면목본동", "SIGUNGU_CD": "11070", "SIGUNGU_NM": "중랑구", "hoseon": "7호선" }, "geometry": { "type": "Point", "coordinates": [ 127.087503, 37.588579 ] } },
{ "type": "Feature", "properties": { "SWST_NM": "상봉(시외버스터미널)", "SWST_NO": 2722, "ADM_DR_CD": "1107060", "ADM_DR_NM": "상봉2동", "SIGUNGU_CD": "11060", "SIGUNGU_NM": "동대문구", "hoseon": "7호선" }, "geometry": { "type": "Point", "coordinates": [ 127.085716, 37.595577 ] } },
{ "type": "Feature", "properties": { "SWST_NM": "중화", "SWST_NO": 2721, "ADM_DR_CD": "1107062", "ADM_DR_NM": "중화2동", "SIGUNGU_CD": "11060", "SIGUNGU_NM": "동대문구", "hoseon": "7호선" }, "geometry": { "type": "Point", "coordinates": [ 127.079264, 37.602545 ] } },
{ "type": "Feature", "properties": { "SWST_NM": "먹골", "SWST_NO": 2720, "ADM_DR_CD": "1107065", "ADM_DR_NM": "묵2동", "SIGUNGU_CD": "11060", "SIGUNGU_NM": "동대문구", "hoseon": "7호선" }, "geometry": { "type": "Point", "coordinates": [ 127.077725, 37.610637 ] } },
{ "type": "Feature", "properties": { "SWST_NM": "태릉입구", "SWST_NO": 2719, "ADM_DR_CD": "1111079", "ADM_DR_NM": "공릉1동", "SIGUNGU_CD": "11070", "SIGUNGU_NM": "중랑구", "hoseon": "7호선" }, "geometry": { "type": "Point", "coordinates": [ 127.075397, 37.618294 ] } },
{ "type": "Feature", "properties": { "SWST_NM": "공릉(서울과학기술대)", "SWST_NO": 2718, "ADM_DR_CD": "1111079", "ADM_DR_NM": "공릉1동", "SIGUNGU_CD": "11070", "SIGUNGU_NM": "중랑구", "hoseon": "7호선" }, "geometry": { "type": "Point", "coordinates": [ 127.072896, 37.625742 ] } },
{ "type": "Feature", "properties": { "SWST_NM": "하계", "SWST_NO": 2717, "ADM_DR_CD": "1111059", "ADM_DR_NM": "하계2동", "SIGUNGU_CD": "11110", "SIGUNGU_NM": "노원구", "hoseon": "7호선" }, "geometry": { "type": "Point", "coordinates": [ 127.06799, 37.636352 ] } },
{ "type": "Feature", "properties": { "SWST_NM": "중계", "SWST_NO": 2716, "ADM_DR_CD": "1111078", "ADM_DR_NM": "중계2·3동", "SIGUNGU_CD": "11110", "SIGUNGU_NM": "노원구", "hoseon": "7호선" }, "geometry": { "type": "Point", "coordinates": [ 127.064303, 37.644583 ] } },
{ "type": "Feature", "properties": { "SWST_NM": "노원", "SWST_NO": 2715, "ADM_DR_CD": "1111077", "ADM_DR_NM": "상계6·7동", "SIGUNGU_CD": "11100", "SIGUNGU_NM": "도봉구", "hoseon": "7호선" }, "geometry": { "type": "Point", "coordinates": [ 127.060462, 37.654836 ] } },
{ "type": "Feature", "properties": { "SWST_NM": "마들", "SWST_NO": 2714, "ADM_DR_CD": "1111072", "ADM_DR_NM": "상계8동", "SIGUNGU_CD": "11100", "SIGUNGU_NM": "도봉구", "hoseon": "7호선" }, "geometry": { "type": "Point", "coordinates": [ 127.057675, 37.66494 ] } },
{ "type": "Feature", "properties": { "SWST_NM": "수락산", "SWST_NO": 2713, "ADM_DR_CD": "1111065", "ADM_DR_NM": "상계1동", "SIGUNGU_CD": "11100", "SIGUNGU_NM": "도봉구", "hoseon": "7호선" }, "geometry": { "type": "Point", "coordinates": [ 127.055315, 37.67785 ] } },
{ "type": "Feature", "properties": { "SWST_NM": "도봉산", "SWST_NO": 2712, "ADM_DR_CD": "1110065", "ADM_DR_NM": "도봉2동", "SIGUNGU_CD": "11100", "SIGUNGU_NM": "도봉구", "hoseon": "7호선" }, "geometry": { "type": "Point", "coordinates": [ 127.046509, 37.689241 ] } },
{ "type": "Feature", "properties": { "SWST_NM": "신내", "SWST_NO": 2649, "ADM_DR_CD": "1107073", "ADM_DR_NM": "망우본동", "SIGUNGU_CD": "11070", "SIGUNGU_NM": "중랑구", "hoseon": "6호선" }, "geometry": { "type": "Point", "coordinates": [ 127.102231, 37.613174 ] } },
{ "type": "Feature", "properties": { "SWST_NM": "봉화산(서울의료원)", "SWST_NO": 2648, "ADM_DR_CD": "1107069", "ADM_DR_NM": "신내1동", "SIGUNGU_CD": "11070", "SIGUNGU_NM": "중랑구", "hoseon": "6호선" }, "geometry": { "type": "Point", "coordinates": [ 127.091401, 37.617283 ] } },
{ "type": "Feature", "properties": { "SWST_NM": "화랑대(서울여대입구)", "SWST_NO": 2647, "ADM_DR_CD": "1111056", "ADM_DR_NM": "공릉2동", "SIGUNGU_CD": "11070", "SIGUNGU_NM": "중랑구", "hoseon": "6호선" }, "geometry": { "type": "Point", "coordinates": [ 127.084689, 37.620064 ] } },
{ "type": "Feature", "properties": { "SWST_NM": "태릉입구", "SWST_NO": 2646, "ADM_DR_CD": "1111079", "ADM_DR_NM": "공릉1동", "SIGUNGU_CD": "11070", "SIGUNGU_NM": "중랑구", "hoseon": "6호선" }, "geometry": { "type": "Point", "coordinates": [ 127.074735, 37.617338 ] } },
{ "type": "Feature", "properties": { "SWST_NM": "석계", "SWST_NO": 2645, "ADM_DR_CD": "1108085", "ADM_DR_NM": "석관동", "SIGUNGU_CD": "11060", "SIGUNGU_NM": "동대문구", "hoseon": "6호선" }, "geometry": { "type": "Point", "coordinates": [ 127.065595, 37.614872 ] } },
{ "type": "Feature", "properties": { "SWST_NM": "돌곶이", "SWST_NO": 2644, "ADM_DR_CD": "1108077", "ADM_DR_NM": "장위2동", "SIGUNGU_CD": "11080", "SIGUNGU_NM": "성북구", "hoseon": "6호선" }, "geometry": { "type": "Point", "coordinates": [ 127.056431, 37.610537 ] } },
{ "type": "Feature", "properties": { "SWST_NM": "상월곡(한국과학기술연구원)", "SWST_NO": 2643, "ADM_DR_CD": "1108072", "ADM_DR_NM": "월곡2동", "SIGUNGU_CD": "11060", "SIGUNGU_NM": "동대문구", "hoseon": "6호선" }, "geometry": { "type": "Point", "coordinates": [ 127.048491, 37.606377 ] } },
{ "type": "Feature", "properties": { "SWST_NM": "월곡(동덕여대)", "SWST_NO": 2642, "ADM_DR_CD": "1108072", "ADM_DR_NM": "월곡2동", "SIGUNGU_CD": "11060", "SIGUNGU_NM": "동대문구", "hoseon": "6호선" }, "geometry": { "type": "Point", "coordinates": [ 127.041518, 37.601948 ] } },
{ "type": "Feature", "properties": { "SWST_NM": "고려대(종암)", "SWST_NO": 2641, "ADM_DR_CD": "1106082", "ADM_DR_NM": "제기동", "SIGUNGU_CD": "11060", "SIGUNGU_NM": "동대문구", "hoseon": "6호선" }, "geometry": { "type": "Point", "coordinates": [ 127.036296, 37.590508 ] } },
{ "type": "Feature", "properties": { "SWST_NM": "안암(고대병원앞)", "SWST_NO": 2640, "ADM_DR_CD": "1108060", "ADM_DR_NM": "안암동", "SIGUNGU_CD": "11060", "SIGUNGU_NM": "동대문구", "hoseon": "6호선" }, "geometry": { "type": "Point", "coordinates": [ 127.029005, 37.586272 ] } },
{ "type": "Feature", "properties": { "SWST_NM": "보문", "SWST_NO": 2639, "ADM_DR_CD": "1108061", "ADM_DR_NM": "보문동", "SIGUNGU_CD": "11010", "SIGUNGU_NM": "종로구", "hoseon": "6호선" }, "geometry": { "type": "Point", "coordinates": [ 127.019351, 37.585274 ] } },
{ "type": "Feature", "properties": { "SWST_NM": "창신", "SWST_NO": 2638, "ADM_DR_CD": "1101069", "ADM_DR_NM": "창신3동", "SIGUNGU_CD": "11010", "SIGUNGU_NM": "종로구", "hoseon": "6호선" }, "geometry": { "type": "Point", "coordinates": [ 127.015241, 37.579661 ] } },
{ "type": "Feature", "properties": { "SWST_NM": "동묘앞", "SWST_NO": 2637, "ADM_DR_CD": "1101067", "ADM_DR_NM": "창신1동", "SIGUNGU_CD": "11010", "SIGUNGU_NM": "종로구", "hoseon": "6호선" }, "geometry": { "type": "Point", "coordinates": [ 127.015653, 37.572279 ] } },
{ "type": "Feature", "properties": { "SWST_NM": "신당", "SWST_NO": 2636, "ADM_DR_CD": "1102069", "ADM_DR_NM": "신당동", "SIGUNGU_CD": "11010", "SIGUNGU_NM": "종로구", "hoseon": "6호선" }, "geometry": { "type": "Point", "coordinates": [ 127.016146, 37.566154 ] } },
{ "type": "Feature", "properties": { "SWST_NM": "청구", "SWST_NO": 2635, "ADM_DR_CD": "1102069", "ADM_DR_NM": "신당동", "SIGUNGU_CD": "11010", "SIGUNGU_NM": "종로구", "hoseon": "6호선" }, "geometry": { "type": "Point", "coordinates": [ 127.013986, 37.560608 ] } },
{ "type": "Feature", "properties": { "SWST_NM": "약수", "SWST_NO": 2634, "ADM_DR_CD": "1102071", "ADM_DR_NM": "약수동", "SIGUNGU_CD": "11020", "SIGUNGU_NM": "중구", "hoseon": "6호선" }, "geometry": { "type": "Point", "coordinates": [ 127.010358, 37.554263 ] } },
{ "type": "Feature", "properties": { "SWST_NM": "버티고개", "SWST_NO": 2633, "ADM_DR_CD": "1102071", "ADM_DR_NM": "약수동", "SIGUNGU_CD": "11020", "SIGUNGU_NM": "중구", "hoseon": "6호선" }, "geometry": { "type": "Point", "coordinates": [ 127.007055, 37.548013 ] } },
{ "type": "Feature", "properties": { "SWST_NM": "한강진", "SWST_NO": 2632, "ADM_DR_CD": "1103074", "ADM_DR_NM": "한남동", "SIGUNGU_CD": "11020", "SIGUNGU_NM": "중구", "hoseon": "6호선" }, "geometry": { "type": "Point", "coordinates": [ 127.001725, 37.539631 ] } },
{ "type": "Feature", "properties": { "SWST_NM": "이태원", "SWST_NO": 2631, "ADM_DR_CD": "1103065", "ADM_DR_NM": "이태원1동", "SIGUNGU_CD": "11030", "SIGUNGU_NM": "용산구", "hoseon": "6호선" }, "geometry": { "type": "Point", "coordinates": [ 126.994302, 37.534488 ] } },
{ "type": "Feature", "properties": { "SWST_NM": "녹사평(용산구청)", "SWST_NO": 2630, "ADM_DR_CD": "1103052", "ADM_DR_NM": "용산2가동", "SIGUNGU_CD": "11020", "SIGUNGU_NM": "중구", "hoseon": "6호선" }, "geometry": { "type": "Point", "coordinates": [ 126.986695, 37.534675 ] } },
{ "type": "Feature", "properties": { "SWST_NM": "삼각지", "SWST_NO": 2629, "ADM_DR_CD": "1103073", "ADM_DR_NM": "한강로동", "SIGUNGU_CD": "11030", "SIGUNGU_NM": "용산구", "hoseon": "6호선" }, "geometry": { "type": "Point", "coordinates": [ 126.974032, 37.535534 ] } },
{ "type": "Feature", "properties": { "SWST_NM": "효창공원앞", "SWST_NO": 2628, "ADM_DR_CD": "1103059", "ADM_DR_NM": "용문동", "SIGUNGU_CD": "11030", "SIGUNGU_NM": "용산구", "hoseon": "6호선" }, "geometry": { "type": "Point", "coordinates": [ 126.961384, 37.539233 ] } },
{ "type": "Feature", "properties": { "SWST_NM": "공덕", "SWST_NO": 2627, "ADM_DR_CD": "1114077", "ADM_DR_NM": "공덕동", "SIGUNGU_CD": "11020", "SIGUNGU_NM": "중구", "hoseon": "6호선" }, "geometry": { "type": "Point", "coordinates": [ 126.951678, 37.543555 ] } },
{ "type": "Feature", "properties": { "SWST_NM": "대흥(서강대앞)", "SWST_NO": 2626, "ADM_DR_CD": "1114060", "ADM_DR_NM": "대흥동", "SIGUNGU_CD": "11130", "SIGUNGU_NM": "서대문구", "hoseon": "6호선" }, "geometry": { "type": "Point", "coordinates": [ 126.942069, 37.547771 ] } },
{ "type": "Feature", "properties": { "SWST_NM": "광흥창(서강)", "SWST_NO": 2625, "ADM_DR_CD": "1114076", "ADM_DR_NM": "서강동", "SIGUNGU_CD": "11140", "SIGUNGU_NM": "마포구", "hoseon": "6호선" }, "geometry": { "type": "Point", "coordinates": [ 126.931993, 37.547456 ] } },
{ "type": "Feature", "properties": { "SWST_NM": "상수", "SWST_NO": 2624, "ADM_DR_CD": "1114076", "ADM_DR_NM": "서강동", "SIGUNGU_CD": "11140", "SIGUNGU_NM": "마포구", "hoseon": "6호선" }, "geometry": { "type": "Point", "coordinates": [ 126.922852, 37.547716 ] } },
{ "type": "Feature", "properties": { "SWST_NM": "합정", "SWST_NO": 2623, "ADM_DR_CD": "1114068", "ADM_DR_NM": "합정동", "SIGUNGU_CD": "11140", "SIGUNGU_NM": "마포구", "hoseon": "6호선" }, "geometry": { "type": "Point", "coordinates": [ 126.913366, 37.549209 ] } },
{ "type": "Feature", "properties": { "SWST_NM": "망원", "SWST_NO": 2622, "ADM_DR_CD": "1114066", "ADM_DR_NM": "서교동", "SIGUNGU_CD": "11130", "SIGUNGU_NM": "서대문구", "hoseon": "6호선" }, "geometry": { "type": "Point", "coordinates": [ 126.910052, 37.556094 ] } },
{ "type": "Feature", "properties": { "SWST_NM": "마포구청", "SWST_NO": 2621, "ADM_DR_CD": "1114073", "ADM_DR_NM": "성산2동", "SIGUNGU_CD": "11130", "SIGUNGU_NM": "서대문구", "hoseon": "6호선" }, "geometry": { "type": "Point", "coordinates": [ 126.903343, 37.563515 ] } },
{ "type": "Feature", "properties": { "SWST_NM": "월드컵경기장(성산)", "SWST_NO": 2620, "ADM_DR_CD": "1114073", "ADM_DR_NM": "성산2동", "SIGUNGU_CD": "11130", "SIGUNGU_NM": "서대문구", "hoseon": "6호선" }, "geometry": { "type": "Point", "coordinates": [ 126.899298, 37.569532 ] } },
{ "type": "Feature", "properties": { "SWST_NM": "디지털미디어시티", "SWST_NO": 2619, "ADM_DR_CD": "1114074", "ADM_DR_NM": "상암동", "SIGUNGU_CD": "11120", "SIGUNGU_NM": "은평구", "hoseon": "6호선" }, "geometry": { "type": "Point", "coordinates": [ 126.901391, 37.576108 ] } },
{ "type": "Feature", "properties": { "SWST_NM": "증산(명지대앞)", "SWST_NO": 2618, "ADM_DR_CD": "1112067", "ADM_DR_NM": "증산동", "SIGUNGU_CD": "11120", "SIGUNGU_NM": "은평구", "hoseon": "6호선" }, "geometry": { "type": "Point", "coordinates": [ 126.909645, 37.583876 ] } },
{ "type": "Feature", "properties": { "SWST_NM": "새절(신사)", "SWST_NO": 2617, "ADM_DR_CD": "1112066", "ADM_DR_NM": "신사2동", "SIGUNGU_CD": "11120", "SIGUNGU_NM": "은평구", "hoseon": "6호선" }, "geometry": { "type": "Point", "coordinates": [ 126.913629, 37.591148 ] } },
{ "type": "Feature", "properties": { "SWST_NM": "구산", "SWST_NO": 2616, "ADM_DR_CD": "1112056", "ADM_DR_NM": "갈현2동", "SIGUNGU_CD": "11120", "SIGUNGU_NM": "은평구", "hoseon": "6호선" }, "geometry": { "type": "Point", "coordinates": [ 126.91727, 37.611377 ] } },
{ "type": "Feature", "properties": { "SWST_NM": "연신내", "SWST_NO": 2615, "ADM_DR_CD": "1112058", "ADM_DR_NM": "대조동", "SIGUNGU_CD": "11120", "SIGUNGU_NM": "은평구", "hoseon": "6호선" }, "geometry": { "type": "Point", "coordinates": [ 126.920625, 37.618636 ] } },
{ "type": "Feature", "properties": { "SWST_NM": "독바위", "SWST_NO": 2614, "ADM_DR_CD": "1112052", "ADM_DR_NM": "불광1동", "SIGUNGU_CD": "11010", "SIGUNGU_NM": "종로구", "hoseon": "6호선" }, "geometry": { "type": "Point", "coordinates": [ 126.933031, 37.618456 ] } },
{ "type": "Feature", "properties": { "SWST_NM": "불광", "SWST_NO": 2613, "ADM_DR_CD": "1112058", "ADM_DR_NM": "대조동", "SIGUNGU_CD": "11120", "SIGUNGU_NM": "은평구", "hoseon": "6호선" }, "geometry": { "type": "Point", "coordinates": [ 126.92939, 37.610873 ] } },
{ "type": "Feature", "properties": { "SWST_NM": "역촌", "SWST_NO": 2612, "ADM_DR_CD": "1112051", "ADM_DR_NM": "녹번동", "SIGUNGU_CD": "11120", "SIGUNGU_NM": "은평구", "hoseon": "6호선" }, "geometry": { "type": "Point", "coordinates": [ 126.922744, 37.606021 ] } },
{ "type": "Feature", "properties": { "SWST_NM": "응암", "SWST_NO": 2611, "ADM_DR_CD": "1112065", "ADM_DR_NM": "신사1동", "SIGUNGU_CD": "11120", "SIGUNGU_NM": "은평구", "hoseon": "6호선" }, "geometry": { "type": "Point", "coordinates": [ 126.915577, 37.598605 ] } },
{ "type": "Feature", "properties": { "SWST_NM": "강일", "SWST_NO": 2562, "ADM_DR_CD": "1125051", "ADM_DR_NM": "강일동", "SIGUNGU_CD": "11250", "SIGUNGU_NM": "강동구", "hoseon": "5호선" }, "geometry": { "type": "Point", "coordinates": [ 127.17593, 37.55749 ] } },
{ "type": "Feature", "properties": { "SWST_NM": "마천", "SWST_NO": 2561, "ADM_DR_CD": "1124055", "ADM_DR_NM": "마천1동", "SIGUNGU_CD": "11240", "SIGUNGU_NM": "송파구", "hoseon": "5호선" }, "geometry": { "type": "Point", "coordinates": [ 127.152781, 37.49499 ] } },
{ "type": "Feature", "properties": { "SWST_NM": "거여", "SWST_NO": 2560, "ADM_DR_CD": "1124053", "ADM_DR_NM": "거여1동", "SIGUNGU_CD": "11240", "SIGUNGU_NM": "송파구", "hoseon": "5호선" }, "geometry": { "type": "Point", "coordinates": [ 127.14415, 37.493105 ] } },
{ "type": "Feature", "properties": { "SWST_NM": "개롱", "SWST_NO": 2559, "ADM_DR_CD": "1124067", "ADM_DR_NM": "가락2동", "SIGUNGU_CD": "11240", "SIGUNGU_NM": "송파구", "hoseon": "5호선" }, "geometry": { "type": "Point", "coordinates": [ 127.13482, 37.498079 ] } },
{ "type": "Feature", "properties": { "SWST_NM": "오금", "SWST_NO": 2558, "ADM_DR_CD": "1124065", "ADM_DR_NM": "가락본동", "SIGUNGU_CD": "11240", "SIGUNGU_NM": "송파구", "hoseon": "3호선" }, "geometry": { "type": "Point", "coordinates": [ 127.127938, 37.502057 ] } },
{ "type": "Feature", "properties": { "SWST_NM": "방이", "SWST_NO": 2557, "ADM_DR_CD": "1124057", "ADM_DR_NM": "방이1동", "SIGUNGU_CD": "11240", "SIGUNGU_NM": "송파구", "hoseon": "5호선" }, "geometry": { "type": "Point", "coordinates": [ 127.126133, 37.508857 ] } },
{ "type": "Feature", "properties": { "SWST_NM": "올림픽공원(한국체대)", "SWST_NO": 2556, "ADM_DR_CD": "1124059", "ADM_DR_NM": "오륜동", "SIGUNGU_CD": "11240", "SIGUNGU_NM": "송파구", "hoseon": "5호선" }, "geometry": { "type": "Point", "coordinates": [ 127.130923, 37.516201 ] } },
{ "type": "Feature", "properties": { "SWST_NM": "둔촌동", "SWST_NO": 2555, "ADM_DR_CD": "1125070", "ADM_DR_NM": "둔촌1동", "SIGUNGU_CD": "11240", "SIGUNGU_NM": "송파구", "hoseon": "5호선" }, "geometry": { "type": "Point", "coordinates": [ 127.136248, 37.527788 ] } },
{ "type": "Feature", "properties": { "SWST_NM": "상일동", "SWST_NO": 2554, "ADM_DR_CD": "1125052", "ADM_DR_NM": "상일동", "SIGUNGU_CD": "11250", "SIGUNGU_NM": "강동구", "hoseon": "5호선" }, "geometry": { "type": "Point", "coordinates": [ 127.166417, 37.556712 ] } },
{ "type": "Feature", "properties": { "SWST_NM": "고덕", "SWST_NO": 2553, "ADM_DR_CD": "1125054", "ADM_DR_NM": "명일2동", "SIGUNGU_CD": "11250", "SIGUNGU_NM": "강동구", "hoseon": "5호선" }, "geometry": { "type": "Point", "coordinates": [ 127.154151, 37.555004 ] } },
{ "type": "Feature", "properties": { "SWST_NM": "명일", "SWST_NO": 2552, "ADM_DR_CD": "1125053", "ADM_DR_NM": "명일1동", "SIGUNGU_CD": "11250", "SIGUNGU_NM": "강동구", "hoseon": "5호선" }, "geometry": { "type": "Point", "coordinates": [ 127.143999, 37.55137 ] } },
{ "type": "Feature", "properties": { "SWST_NM": "굽은다리(강동구민회관앞)", "SWST_NO": 2551, "ADM_DR_CD": "1125061", "ADM_DR_NM": "천호1동", "SIGUNGU_CD": "11250", "SIGUNGU_NM": "강동구", "hoseon": "5호선" }, "geometry": { "type": "Point", "coordinates": [ 127.142853, 37.545477 ] } },
{ "type": "Feature", "properties": { "SWST_NM": "길동", "SWST_NO": 2550, "ADM_DR_CD": "1125074", "ADM_DR_NM": "길동", "SIGUNGU_CD": "11250", "SIGUNGU_NM": "강동구", "hoseon": "5호선" }, "geometry": { "type": "Point", "coordinates": [ 127.140004, 37.537801 ] } },
{ "type": "Feature", "properties": { "SWST_NM": "강동", "SWST_NO": 2549, "ADM_DR_CD": "1125066", "ADM_DR_NM": "성내2동", "SIGUNGU_CD": "11240", "SIGUNGU_NM": "송파구", "hoseon": "3호선" }, "geometry": { "type": "Point", "coordinates": [ 127.132481, 37.535804 ] } },
{ "type": "Feature", "properties": { "SWST_NM": "천호(풍납토성)", "SWST_NO": 2548, "ADM_DR_CD": "1124051", "ADM_DR_NM": "풍납1동", "SIGUNGU_CD": "11050", "SIGUNGU_NM": "광진구", "hoseon": "5호선" }, "geometry": { "type": "Point", "coordinates": [ 127.123308, 37.53864 ] } },
{ "type": "Feature", "properties": { "SWST_NM": "광나루(장신대)", "SWST_NO": 2547, "ADM_DR_CD": "1105063", "ADM_DR_NM": "광장동", "SIGUNGU_CD": "11050", "SIGUNGU_NM": "광진구", "hoseon": "5호선" }, "geometry": { "type": "Point", "coordinates": [ 127.10357, 37.545303 ] } },
{ "type": "Feature", "properties": { "SWST_NM": "아차산(어린이대공원후문)", "SWST_NO": 2546, "ADM_DR_CD": "1105061", "ADM_DR_NM": "구의2동", "SIGUNGU_CD": "11050", "SIGUNGU_NM": "광진구", "hoseon": "5호선" }, "geometry": { "type": "Point", "coordinates": [ 127.089761, 37.551691 ] } },
{ "type": "Feature", "properties": { "SWST_NM": "군자(능동)", "SWST_NO": 2545, "ADM_DR_CD": "1105059", "ADM_DR_NM": "능동", "SIGUNGU_CD": "11050", "SIGUNGU_NM": "광진구", "hoseon": "5호선" }, "geometry": { "type": "Point", "coordinates": [ 127.079577, 37.557088 ] } },
{ "type": "Feature", "properties": { "SWST_NM": "장한평", "SWST_NO": 2544, "ADM_DR_CD": "1104070", "ADM_DR_NM": "용답동", "SIGUNGU_CD": "11040", "SIGUNGU_NM": "성동구", "hoseon": "5호선" }, "geometry": { "type": "Point", "coordinates": [ 127.064623, 37.56144 ] } },
{ "type": "Feature", "properties": { "SWST_NM": "답십리", "SWST_NO": 2543, "ADM_DR_CD": "1104070", "ADM_DR_NM": "용답동", "SIGUNGU_CD": "11040", "SIGUNGU_NM": "성동구", "hoseon": "5호선" }, "geometry": { "type": "Point", "coordinates": [ 127.052704, 37.566747 ] } },
{ "type": "Feature", "properties": { "SWST_NM": "마장", "SWST_NO": 2542, "ADM_DR_CD": "1104054", "ADM_DR_NM": "마장동", "SIGUNGU_CD": "11040", "SIGUNGU_NM": "성동구", "hoseon": "5호선" }, "geometry": { "type": "Point", "coordinates": [ 127.042973, 37.5661 ] } },
{ "type": "Feature", "properties": { "SWST_NM": "왕십리(성동구청)", "SWST_NO": 2541, "ADM_DR_CD": "1104056", "ADM_DR_NM": "행당1동", "SIGUNGU_CD": "11040", "SIGUNGU_NM": "성동구", "hoseon": "5호선" }, "geometry": { "type": "Point", "coordinates": [ 127.037059, 37.56184 ] } },
{ "type": "Feature", "properties": { "SWST_NM": "행당", "SWST_NO": 2540, "ADM_DR_CD": "1104057", "ADM_DR_NM": "행당2동", "SIGUNGU_CD": "11040", "SIGUNGU_NM": "성동구", "hoseon": "3호선" }, "geometry": { "type": "Point", "coordinates": [ 127.029476, 37.557322 ] } },
{ "type": "Feature", "properties": { "SWST_NM": "신금호", "SWST_NO": 2539, "ADM_DR_CD": "1104059", "ADM_DR_NM": "금호1가동", "SIGUNGU_CD": "11020", "SIGUNGU_NM": "중구", "hoseon": "5호선" }, "geometry": { "type": "Point", "coordinates": [ 127.020331, 37.554548 ] } },
{ "type": "Feature", "properties": { "SWST_NM": "청구", "SWST_NO": 2538, "ADM_DR_CD": "1102070", "ADM_DR_NM": "다산동", "SIGUNGU_CD": "11020", "SIGUNGU_NM": "중구", "hoseon": "5호선" }, "geometry": { "type": "Point", "coordinates": [ 127.013639, 37.560276 ] } },
{ "type": "Feature", "properties": { "SWST_NM": "동대문역사문화공원", "SWST_NO": 2537, "ADM_DR_CD": "1102059", "ADM_DR_NM": "광희동", "SIGUNGU_CD": "11010", "SIGUNGU_NM": "종로구", "hoseon": "5호선" }, "geometry": { "type": "Point", "coordinates": [ 127.005353, 37.564665 ] } },
{ "type": "Feature", "properties": { "SWST_NM": "을지로4가", "SWST_NO": 2536, "ADM_DR_CD": "1102060", "ADM_DR_NM": "을지로동", "SIGUNGU_CD": "11010", "SIGUNGU_NM": "종로구", "hoseon": "5호선" }, "geometry": { "type": "Point", "coordinates": [ 126.998032, 37.567352 ] } },
{ "type": "Feature", "properties": { "SWST_NM": "종로3가", "SWST_NO": 2535, "ADM_DR_CD": "1101061", "ADM_DR_NM": "종로1·2·3·4가동", "SIGUNGU_CD": "11010", "SIGUNGU_NM": "종로구", "hoseon": "5호선" }, "geometry": { "type": "Point", "coordinates": [ 126.990305, 37.57254 ] } },
{ "type": "Feature", "properties": { "SWST_NM": "광화문(세종문화회관)", "SWST_NO": 2534, "ADM_DR_CD": "1101053", "ADM_DR_NM": "사직동", "SIGUNGU_CD": "11010", "SIGUNGU_NM": "종로구", "hoseon": "5호선" }, "geometry": { "type": "Point", "coordinates": [ 126.97717, 37.571525 ] } },
{ "type": "Feature", "properties": { "SWST_NM": "서대문", "SWST_NO": 2533, "ADM_DR_CD": "1113073", "ADM_DR_NM": "충현동", "SIGUNGU_CD": "11010", "SIGUNGU_NM": "종로구", "hoseon": "5호선" }, "geometry": { "type": "Point", "coordinates": [ 126.966641, 37.565773 ] } },
{ "type": "Feature", "properties": { "SWST_NM": "충정로(경기대입구)", "SWST_NO": 2532, "ADM_DR_CD": "1113073", "ADM_DR_NM": "충현동", "SIGUNGU_CD": "11010", "SIGUNGU_NM": "종로구", "hoseon": "5호선" }, "geometry": { "type": "Point", "coordinates": [ 126.9629, 37.560236 ] } },
{ "type": "Feature", "properties": { "SWST_NM": "애오개", "SWST_NO": 2531, "ADM_DR_CD": "1114078", "ADM_DR_NM": "아현동", "SIGUNGU_CD": "11130", "SIGUNGU_NM": "서대문구", "hoseon": "5호선" }, "geometry": { "type": "Point", "coordinates": [ 126.95682, 37.553736 ] } },
{ "type": "Feature", "properties": { "SWST_NM": "공덕", "SWST_NO": 2530, "ADM_DR_CD": "1114077", "ADM_DR_NM": "공덕동", "SIGUNGU_CD": "11020", "SIGUNGU_NM": "중구", "hoseon": "5호선" }, "geometry": { "type": "Point", "coordinates": [ 126.951372, 37.544431 ] } },
{ "type": "Feature", "properties": { "SWST_NM": "마포", "SWST_NO": 2529, "ADM_DR_CD": "1114059", "ADM_DR_NM": "용강동", "SIGUNGU_CD": "11140", "SIGUNGU_NM": "마포구", "hoseon": "3호선" }, "geometry": { "type": "Point", "coordinates": [ 126.945932, 37.539574 ] } },
{ "type": "Feature", "properties": { "SWST_NM": "여의나루", "SWST_NO": 2528, "ADM_DR_CD": "1119054", "ADM_DR_NM": "여의동", "SIGUNGU_CD": "11030", "SIGUNGU_NM": "용산구", "hoseon": "5호선" }, "geometry": { "type": "Point", "coordinates": [ 126.932901, 37.527098 ] } },
{ "type": "Feature", "properties": { "SWST_NM": "여의도", "SWST_NO": 2527, "ADM_DR_CD": "1119054", "ADM_DR_NM": "여의동", "SIGUNGU_CD": "11030", "SIGUNGU_NM": "용산구", "hoseon": "5호선" }, "geometry": { "type": "Point", "coordinates": [ 126.924357, 37.521747 ] } },
{ "type": "Feature", "properties": { "SWST_NM": "신길", "SWST_NO": 2526, "ADM_DR_CD": "1119074", "ADM_DR_NM": "영등포동", "SIGUNGU_CD": "11190", "SIGUNGU_NM": "영등포구", "hoseon": "5호선" }, "geometry": { "type": "Point", "coordinates": [ 126.914839, 37.517623 ] } },
{ "type": "Feature", "properties": { "SWST_NM": "영등포시장", "SWST_NO": 2525, "ADM_DR_CD": "1119074", "ADM_DR_NM": "영등포동", "SIGUNGU_CD": "11190", "SIGUNGU_NM": "영등포구", "hoseon": "5호선" }, "geometry": { "type": "Point", "coordinates": [ 126.905139, 37.522669 ] } },
{ "type": "Feature", "properties": { "SWST_NM": "영등포구청", "SWST_NO": 2524, "ADM_DR_CD": "1119055", "ADM_DR_NM": "당산1동", "SIGUNGU_CD": "11190", "SIGUNGU_NM": "영등포구", "hoseon": "5호선" }, "geometry": { "type": "Point", "coordinates": [ 126.89503, 37.5242 ] } },
{ "type": "Feature", "properties": { "SWST_NM": "양평", "SWST_NO": 2523, "ADM_DR_CD": "1119061", "ADM_DR_NM": "양평1동", "SIGUNGU_CD": "11150", "SIGUNGU_NM": "양천구", "hoseon": "5호선" }, "geometry": { "type": "Point", "coordinates": [ 126.886129, 37.525569 ] } },
{ "type": "Feature", "properties": { "SWST_NM": "오목교(목동운동장앞)", "SWST_NO": 2522, "ADM_DR_CD": "1115051", "ADM_DR_NM": "목1동", "SIGUNGU_CD": "11150", "SIGUNGU_NM": "양천구", "hoseon": "5호선" }, "geometry": { "type": "Point", "coordinates": [ 126.875181, 37.524496 ] } },
{ "type": "Feature", "properties": { "SWST_NM": "목동", "SWST_NO": 2521, "ADM_DR_CD": "1115051", "ADM_DR_NM": "목1동", "SIGUNGU_CD": "11150", "SIGUNGU_NM": "양천구", "hoseon": "5호선" }, "geometry": { "type": "Point", "coordinates": [ 126.864931, 37.526065 ] } },
{ "type": "Feature", "properties": { "SWST_NM": "신정(은행정)", "SWST_NO": 2520, "ADM_DR_CD": "1115072", "ADM_DR_NM": "신정4동", "SIGUNGU_CD": "11150", "SIGUNGU_NM": "양천구", "hoseon": "5호선" }, "geometry": { "type": "Point", "coordinates": [ 126.856191, 37.524997 ] } },
{ "type": "Feature", "properties": { "SWST_NM": "까치산", "SWST_NO": 2519, "ADM_DR_CD": "1116073", "ADM_DR_NM": "화곡1동", "SIGUNGU_CD": "11150", "SIGUNGU_NM": "양천구", "hoseon": "3호선" }, "geometry": { "type": "Point", "coordinates": [ 126.846683, 37.531768 ] } },
{ "type": "Feature", "properties": { "SWST_NM": "화곡", "SWST_NO": 2518, "ADM_DR_CD": "1116073", "ADM_DR_NM": "화곡1동", "SIGUNGU_CD": "11150", "SIGUNGU_NM": "양천구", "hoseon": "5호선" }, "geometry": { "type": "Point", "coordinates": [ 126.840461, 37.541513 ] } },
{ "type": "Feature", "properties": { "SWST_NM": "우장산", "SWST_NO": 2517, "ADM_DR_CD": "1116067", "ADM_DR_NM": "발산1동", "SIGUNGU_CD": "11150", "SIGUNGU_NM": "양천구", "hoseon": "5호선" }, "geometry": { "type": "Point", "coordinates": [ 126.836318, 37.548768 ] } },
{ "type": "Feature", "properties": { "SWST_NM": "발산", "SWST_NO": 2516, "ADM_DR_CD": "1116074", "ADM_DR_NM": "우장산동", "SIGUNGU_CD": "11160", "SIGUNGU_NM": "강서구", "hoseon": "5호선" }, "geometry": { "type": "Point", "coordinates": [ 126.837668, 37.558598 ] } },
{ "type": "Feature", "properties": { "SWST_NM": "마곡", "SWST_NO": 2515, "ADM_DR_CD": "1116064", "ADM_DR_NM": "가양1동", "SIGUNGU_CD": "11160", "SIGUNGU_NM": "강서구", "hoseon": "5호선" }, "geometry": { "type": "Point", "coordinates": [ 126.825448, 37.560183 ] } },
{ "type": "Feature", "properties": { "SWST_NM": "송정", "SWST_NO": 2514, "ADM_DR_CD": "1116069", "ADM_DR_NM": "공항동", "SIGUNGU_CD": "11160", "SIGUNGU_NM": "강서구", "hoseon": "5호선" }, "geometry": { "type": "Point", "coordinates": [ 126.811973, 37.561184 ] } },
{ "type": "Feature", "properties": { "SWST_NM": "김포공항", "SWST_NO": 2513, "ADM_DR_CD": "1116071", "ADM_DR_NM": "방화2동", "SIGUNGU_CD": "11160", "SIGUNGU_NM": "강서구", "hoseon": "5호선" }, "geometry": { "type": "Point", "coordinates": [ 126.801292, 37.562384 ] } },
{ "type": "Feature", "properties": { "SWST_NM": "개화산", "SWST_NO": 2512, "ADM_DR_CD": "1116071", "ADM_DR_NM": "방화2동", "SIGUNGU_CD": "11160", "SIGUNGU_NM": "강서구", "hoseon": "5호선" }, "geometry": { "type": "Point", "coordinates": [ 126.806171, 37.572399 ] } },
{ "type": "Feature", "properties": { "SWST_NM": "방화", "SWST_NO": 2511, "ADM_DR_CD": "1116072", "ADM_DR_NM": "방화3동", "SIGUNGU_CD": "11160", "SIGUNGU_NM": "강서구", "hoseon": "5호선" }, "geometry": { "type": "Point", "coordinates": [ 126.812741, 37.577446 ] } },
{ "type": "Feature", "properties": { "SWST_NM": "김포공항", "SWST_NO": 1980, "ADM_DR_CD": "1116071", "ADM_DR_NM": "방화2동", "SIGUNGU_CD": "11160", "SIGUNGU_NM": "강서구", "hoseon": "5호선" }, "geometry": { "type": "Point", "coordinates": [ 126.8041, 37.5617 ] } },
{ "type": "Feature", "properties": { "SWST_NM": "도봉산", "SWST_NO": 1903, "ADM_DR_CD": "1110065", "ADM_DR_NM": "도봉2동", "SIGUNGU_CD": "11100", "SIGUNGU_NM": "도봉구", "hoseon": "7호선" }, "geometry": { "type": "Point", "coordinates": [ 127.046049, 37.689534 ] } },
{ "type": "Feature", "properties": { "SWST_NM": "도봉", "SWST_NO": 1902, "ADM_DR_CD": "1110065", "ADM_DR_NM": "도봉2동", "SIGUNGU_CD": "11100", "SIGUNGU_NM": "도봉구", "hoseon": "1호선" }, "geometry": { "type": "Point", "coordinates": [ 127.045595, 37.679563 ] } },
{ "type": "Feature", "properties": { "SWST_NM": "방학", "SWST_NO": 1901, "ADM_DR_CD": "1110055", "ADM_DR_NM": "방학1동", "SIGUNGU_CD": "11100", "SIGUNGU_NM": "도봉구", "hoseon": "1호선" }, "geometry": { "type": "Point", "coordinates": [ 127.044273, 37.667503 ] } },
{ "type": "Feature", "properties": { "SWST_NM": "선정릉", "SWST_NO": 1850, "ADM_DR_CD": "1123053", "ADM_DR_NM": "논현2동", "SIGUNGU_CD": "11230", "SIGUNGU_NM": "강남구", "hoseon": "수인분당선" }, "geometry": { "type": "Point", "coordinates": [ 127.043677, 37.510735 ] } },
{ "type": "Feature", "properties": { "SWST_NM": "강남구청", "SWST_NO": 1849, "ADM_DR_CD": "1123053", "ADM_DR_NM": "논현2동", "SIGUNGU_CD": "11230", "SIGUNGU_NM": "강남구", "hoseon": "수인분당선" }, "geometry": { "type": "Point", "coordinates": [ 127.041151, 37.517469 ] } },
{ "type": "Feature", "properties": { "SWST_NM": "압구정로데오", "SWST_NO": 1848, "ADM_DR_CD": "1123077", "ADM_DR_NM": "압구정동", "SIGUNGU_CD": "11040", "SIGUNGU_NM": "성동구", "hoseon": "수인분당선" }, "geometry": { "type": "Point", "coordinates": [ 127.040534, 37.527381 ] } },
{ "type": "Feature", "properties": { "SWST_NM": "서울숲", "SWST_NO": 1847, "ADM_DR_CD": "1104065", "ADM_DR_NM": "성수1가1동", "SIGUNGU_CD": "11040", "SIGUNGU_NM": "성동구", "hoseon": "수인분당선" }, "geometry": { "type": "Point", "coordinates": [ 127.044707, 37.543617 ] } },
{ "type": "Feature", "properties": { "SWST_NM": "온수(성공회대입구)", "SWST_NO": 1821, "ADM_DR_CD": "1117069", "ADM_DR_NM": "수궁동", "SIGUNGU_CD": "11150", "SIGUNGU_NM": "양천구", "hoseon": "1호선" }, "geometry": { "type": "Point", "coordinates": [ 126.824086, 37.492433 ] } },
{ "type": "Feature", "properties": { "SWST_NM": "구일", "SWST_NO": 1813, "ADM_DR_CD": "1117071", "ADM_DR_NM": "구로2동", "SIGUNGU_CD": "11150", "SIGUNGU_NM": "양천구", "hoseon": "1호선" }, "geometry": { "type": "Point", "coordinates": [ 126.870793, 37.496756 ] } },
{ "type": "Feature", "properties": { "SWST_NM": "오류동", "SWST_NO": 1802, "ADM_DR_CD": "1117067", "ADM_DR_NM": "오류1동", "SIGUNGU_CD": "11170", "SIGUNGU_NM": "구로구", "hoseon": "1호선" }, "geometry": { "type": "Point", "coordinates": [ 126.845365, 37.494526 ] } },
{ "type": "Feature", "properties": { "SWST_NM": "개봉", "SWST_NO": 1801, "ADM_DR_CD": "1117072", "ADM_DR_NM": "개봉1동", "SIGUNGU_CD": "11150", "SIGUNGU_NM": "양천구", "hoseon": "1호선" }, "geometry": { "type": "Point", "coordinates": [ 126.85968, 37.494594 ] } },
{ "type": "Feature", "properties": { "SWST_NM": "독산", "SWST_NO": 1714, "ADM_DR_CD": "1118051", "ADM_DR_NM": "가산동", "SIGUNGU_CD": "11170", "SIGUNGU_NM": "구로구", "hoseon": "1호선" }, "geometry": { "type": "Point", "coordinates": [ 126.889249, 37.466613 ] } },
{ "type": "Feature", "properties": { "SWST_NM": "금천구청", "SWST_NO": 1703, "ADM_DR_CD": "1118057", "ADM_DR_NM": "시흥1동", "SIGUNGU_CD": "11180", "SIGUNGU_NM": "금천구", "hoseon": "1호선" }, "geometry": { "type": "Point", "coordinates": [ 126.89398, 37.455626 ] } },
{ "type": "Feature", "properties": { "SWST_NM": "가산디지털단지", "SWST_NO": 1702, "ADM_DR_CD": "1118051", "ADM_DR_NM": "가산동", "SIGUNGU_CD": "11170", "SIGUNGU_NM": "구로구", "hoseon": "1호선" }, "geometry": { "type": "Point", "coordinates": [ 126.882581, 37.481581 ] } },
{ "type": "Feature", "properties": { "SWST_NM": "구로", "SWST_NO": 1701, "ADM_DR_CD": "1117056", "ADM_DR_NM": "구로5동", "SIGUNGU_CD": "11170", "SIGUNGU_NM": "구로구", "hoseon": "1호선" }, "geometry": { "type": "Point", "coordinates": [ 126.881966, 37.503039 ] } },
{ "type": "Feature", "properties": { "SWST_NM": "신내", "SWST_NO": 1311, "ADM_DR_CD": "1107073", "ADM_DR_NM": "망우본동", "SIGUNGU_CD": "11070", "SIGUNGU_NM": "중랑구", "hoseon": "경의중앙선" }, "geometry": { "type": "Point", "coordinates": [ 127.103218, 37.612887 ] } },
{ "type": "Feature", "properties": { "SWST_NM": "디지털미디어시티", "SWST_NO": 1294, "ADM_DR_CD": "1112068", "ADM_DR_NM": "수색동", "SIGUNGU_CD": "11120", "SIGUNGU_NM": "은평구", "hoseon": "경의중앙선" }, "geometry": { "type": "Point", "coordinates": [ 126.900453, 37.577475 ] } },
{ "type": "Feature", "properties": { "SWST_NM": "홍대입구", "SWST_NO": 1293, "ADM_DR_CD": "1114066", "ADM_DR_NM": "서교동", "SIGUNGU_CD": "11130", "SIGUNGU_NM": "서대문구", "hoseon": "경의중앙선" }, "geometry": { "type": "Point", "coordinates": [ 126.926683, 37.557641 ] } },
{ "type": "Feature", "properties": { "SWST_NM": "공덕", "SWST_NO": 1292, "ADM_DR_CD": "1114075", "ADM_DR_NM": "도화동", "SIGUNGU_CD": "11030", "SIGUNGU_NM": "용산구", "hoseon": "경의중앙선" }, "geometry": { "type": "Point", "coordinates": [ 126.952099, 37.542596 ] } },
{ "type": "Feature", "properties": { "SWST_NM": "서울역", "SWST_NO": 1291, "ADM_DR_CD": "1102054", "ADM_DR_NM": "회현동", "SIGUNGU_CD": "11020", "SIGUNGU_NM": "중구", "hoseon": "경의중앙선" }, "geometry": { "type": "Point", "coordinates": [ 126.97103, 37.557231 ] } },
{ "type": "Feature", "properties": { "SWST_NM": "수색", "SWST_NO": 1267, "ADM_DR_CD": "1112068", "ADM_DR_NM": "수색동", "SIGUNGU_CD": "11120", "SIGUNGU_NM": "은평구", "hoseon": "경의중앙선" }, "geometry": { "type": "Point", "coordinates": [ 126.895611, 37.580842 ] } },
{ "type": "Feature", "properties": { "SWST_NM": "디지털미디어시티", "SWST_NO": 1266, "ADM_DR_CD": "1112068", "ADM_DR_NM": "수색동", "SIGUNGU_CD": "11120", "SIGUNGU_NM": "은평구", "hoseon": "경의중앙선" }, "geometry": { "type": "Point", "coordinates": [ 126.900453, 37.577475 ] } },
{ "type": "Feature", "properties": { "SWST_NM": "가좌", "SWST_NO": 1265, "ADM_DR_CD": "1113069", "ADM_DR_NM": "남가좌1동", "SIGUNGU_CD": "11130", "SIGUNGU_NM": "서대문구", "hoseon": "경의중앙선" }, "geometry": { "type": "Point", "coordinates": [ 126.915487, 37.568491 ] } },
{ "type": "Feature", "properties": { "SWST_NM": "홍대입구", "SWST_NO": 1264, "ADM_DR_CD": "1114066", "ADM_DR_NM": "서교동", "SIGUNGU_CD": "11130", "SIGUNGU_NM": "서대문구", "hoseon": "경의중앙선" }, "geometry": { "type": "Point", "coordinates": [ 126.926683, 37.557641 ] } },
{ "type": "Feature", "properties": { "SWST_NM": "서강대", "SWST_NO": 1263, "ADM_DR_CD": "1114060", "ADM_DR_NM": "대흥동", "SIGUNGU_CD": "11130", "SIGUNGU_NM": "서대문구", "hoseon": "경의중앙선" }, "geometry": { "type": "Point", "coordinates": [ 126.935711, 37.551881 ] } },
{ "type": "Feature", "properties": { "SWST_NM": "공덕", "SWST_NO": 1262, "ADM_DR_CD": "1114075", "ADM_DR_NM": "도화동", "SIGUNGU_CD": "11030", "SIGUNGU_NM": "용산구", "hoseon": "경의중앙선" }, "geometry": { "type": "Point", "coordinates": [ 126.952099, 37.542596 ] } },
{ "type": "Feature", "properties": { "SWST_NM": "효창공원앞", "SWST_NO": 1261, "ADM_DR_CD": "1103059", "ADM_DR_NM": "용문동", "SIGUNGU_CD": "11030", "SIGUNGU_NM": "용산구", "hoseon": "경의중앙선" }, "geometry": { "type": "Point", "coordinates": [ 126.96221, 37.538579 ] } },
{ "type": "Feature", "properties": { "SWST_NM": "신촌", "SWST_NO": 1252, "ADM_DR_CD": "1113075", "ADM_DR_NM": "신촌동", "SIGUNGU_CD": "11130", "SIGUNGU_NM": "서대문구", "hoseon": "경의중앙선" }, "geometry": { "type": "Point", "coordinates": [ 126.942597, 37.559733 ] } },
{ "type": "Feature", "properties": { "SWST_NM": "서울역", "SWST_NO": 1251, "ADM_DR_CD": "1102054", "ADM_DR_NM": "회현동", "SIGUNGU_CD": "11020", "SIGUNGU_NM": "중구", "hoseon": "경의중앙선" }, "geometry": { "type": "Point", "coordinates": [ 126.97103, 37.557231 ] } },
{ "type": "Feature", "properties": { "SWST_NM": "양원", "SWST_NO": 1204, "ADM_DR_CD": "1107073", "ADM_DR_NM": "망우본동", "SIGUNGU_CD": "11070", "SIGUNGU_NM": "중랑구", "hoseon": "경의중앙선" }, "geometry": { "type": "Point", "coordinates": [ 127.107906, 37.606596 ] } },
{ "type": "Feature", "properties": { "SWST_NM": "망우", "SWST_NO": 1203, "ADM_DR_CD": "1107059", "ADM_DR_NM": "상봉1동", "SIGUNGU_CD": "11070", "SIGUNGU_NM": "중랑구", "hoseon": "경의중앙선" }, "geometry": { "type": "Point", "coordinates": [ 127.091909, 37.59955 ] } },
{ "type": "Feature", "properties": { "SWST_NM": "상봉(시외버스터미널)", "SWST_NO": 1202, "ADM_DR_CD": "1107059", "ADM_DR_NM": "상봉1동", "SIGUNGU_CD": "11070", "SIGUNGU_NM": "중랑구", "hoseon": "경의중앙선" }, "geometry": { "type": "Point", "coordinates": [ 127.08504, 37.596678 ] } },
{ "type": "Feature", "properties": { "SWST_NM": "중랑", "SWST_NO": 1201, "ADM_DR_CD": "1107062", "ADM_DR_NM": "중화2동", "SIGUNGU_CD": "11060", "SIGUNGU_NM": "동대문구", "hoseon": "경의중앙선" }, "geometry": { "type": "Point", "coordinates": [ 127.076116, 37.594917 ] } },
{ "type": "Feature", "properties": { "SWST_NM": "신길", "SWST_NO": 1032, "ADM_DR_CD": "1119063", "ADM_DR_NM": "신길1동", "SIGUNGU_CD": "11190", "SIGUNGU_NM": "영등포구", "hoseon": "1호선" }, "geometry": { "type": "Point", "coordinates": [ 126.917865, 37.516862 ] } },
{ "type": "Feature", "properties": { "SWST_NM": "복정", "SWST_NO": 1031, "ADM_DR_CD": "1124069", "ADM_DR_NM": "문정2동", "SIGUNGU_CD": "11230", "SIGUNGU_NM": "강남구", "hoseon": "수인분당선" }, "geometry": { "type": "Point", "coordinates": [ 127.126658, 37.470345 ] } },
{ "type": "Feature", "properties": { "SWST_NM": "수서", "SWST_NO": 1030, "ADM_DR_CD": "1123075", "ADM_DR_NM": "수서동", "SIGUNGU_CD": "11230", "SIGUNGU_NM": "강남구", "hoseon": "수인분당선" }, "geometry": { "type": "Point", "coordinates": [ 127.101422, 37.487472 ] } },
{ "type": "Feature", "properties": { "SWST_NM": "대모산입구", "SWST_NO": 1028, "ADM_DR_CD": "1123080", "ADM_DR_NM": "개포2동", "SIGUNGU_CD": "11220", "SIGUNGU_NM": "서초구", "hoseon": "수인분당선" }, "geometry": { "type": "Point", "coordinates": [ 127.07272, 37.491373 ] } },
{ "type": "Feature", "properties": { "SWST_NM": "개포동", "SWST_NO": 1027, "ADM_DR_CD": "1123080", "ADM_DR_NM": "개포2동", "SIGUNGU_CD": "11220", "SIGUNGU_NM": "서초구", "hoseon": "수인분당선" }, "geometry": { "type": "Point", "coordinates": [ 127.06614, 37.489116 ] } },
{ "type": "Feature", "properties": { "SWST_NM": "구룡", "SWST_NO": 1026, "ADM_DR_CD": "1123080", "ADM_DR_NM": "개포2동", "SIGUNGU_CD": "11220", "SIGUNGU_NM": "서초구", "hoseon": "수인분당선" }, "geometry": { "type": "Point", "coordinates": [ 127.058856, 37.486839 ] } },
{ "type": "Feature", "properties": { "SWST_NM": "도곡", "SWST_NO": 1025, "ADM_DR_CD": "1123067", "ADM_DR_NM": "도곡2동", "SIGUNGU_CD": "11220", "SIGUNGU_NM": "서초구", "hoseon": "수인분당선" }, "geometry": { "type": "Point", "coordinates": [ 127.055186, 37.491224 ] } },
{ "type": "Feature", "properties": { "SWST_NM": "한티", "SWST_NO": 1024, "ADM_DR_CD": "1123067", "ADM_DR_NM": "도곡2동", "SIGUNGU_CD": "11220", "SIGUNGU_NM": "서초구", "hoseon": "수인분당선" }, "geometry": { "type": "Point", "coordinates": [ 127.052873, 37.496237 ] } },
{ "type": "Feature", "properties": { "SWST_NM": "선릉", "SWST_NO": 1023, "ADM_DR_CD": "1123064", "ADM_DR_NM": "역삼1동", "SIGUNGU_CD": "11220", "SIGUNGU_NM": "서초구", "hoseon": "수인분당선" }, "geometry": { "type": "Point", "coordinates": [ 127.048807, 37.504856 ] } },
{ "type": "Feature", "properties": { "SWST_NM": "창동", "SWST_NO": 1022, "ADM_DR_CD": "1110062", "ADM_DR_NM": "창4동", "SIGUNGU_CD": "11100", "SIGUNGU_NM": "도봉구", "hoseon": "1호선" }, "geometry": { "type": "Point", "coordinates": [ 127.047806, 37.653007 ] } },
{ "type": "Feature", "properties": { "SWST_NM": "녹천", "SWST_NO": 1021, "ADM_DR_CD": "1110059", "ADM_DR_NM": "창1동", "SIGUNGU_CD": "11100", "SIGUNGU_NM": "도봉구", "hoseon": "1호선" }, "geometry": { "type": "Point", "coordinates": [ 127.051269, 37.644799 ] } },
{ "type": "Feature", "properties": { "SWST_NM": "월계", "SWST_NO": 1020, "ADM_DR_CD": "1111052", "ADM_DR_NM": "월계2동", "SIGUNGU_CD": "11080", "SIGUNGU_NM": "성북구", "hoseon": "1호선" }, "geometry": { "type": "Point", "coordinates": [ 127.058831, 37.633212 ] } },
{ "type": "Feature", "properties": { "SWST_NM": "광운대", "SWST_NO": 1019, "ADM_DR_CD": "1111053", "ADM_DR_NM": "월계3동", "SIGUNGU_CD": "11070", "SIGUNGU_NM": "중랑구", "hoseon": "1호선" }, "geometry": { "type": "Point", "coordinates": [ 127.061835, 37.623632 ] } },
{ "type": "Feature", "properties": { "SWST_NM": "석계", "SWST_NO": 1018, "ADM_DR_CD": "1108085", "ADM_DR_NM": "석관동", "SIGUNGU_CD": "11060", "SIGUNGU_NM": "동대문구", "hoseon": "1호선" }, "geometry": { "type": "Point", "coordinates": [ 127.065934, 37.614532 ] } },
{ "type": "Feature", "properties": { "SWST_NM": "신이문", "SWST_NO": 1017, "ADM_DR_CD": "1106090", "ADM_DR_NM": "이문2동", "SIGUNGU_CD": "11060", "SIGUNGU_NM": "동대문구", "hoseon": "1호선" }, "geometry": { "type": "Point", "coordinates": [ 127.067325, 37.601854 ] } },
{ "type": "Feature", "properties": { "SWST_NM": "외대앞", "SWST_NO": 1016, "ADM_DR_CD": "1106089", "ADM_DR_NM": "이문1동", "SIGUNGU_CD": "11060", "SIGUNGU_NM": "동대문구", "hoseon": "1호선" }, "geometry": { "type": "Point", "coordinates": [ 127.063549, 37.596073 ] } },
{ "type": "Feature", "properties": { "SWST_NM": "회기", "SWST_NO": 1015, "ADM_DR_CD": "1106072", "ADM_DR_NM": "휘경1동", "SIGUNGU_CD": "11060", "SIGUNGU_NM": "동대문구", "hoseon": "1호선" }, "geometry": { "type": "Point", "coordinates": [ 127.057583, 37.58946 ] } },
{ "type": "Feature", "properties": { "SWST_NM": "청량리(서울시립대입구)", "SWST_NO": 1014, "ADM_DR_CD": "1106083", "ADM_DR_NM": "전농1동", "SIGUNGU_CD": "11060", "SIGUNGU_NM": "동대문구", "hoseon": "1호선" }, "geometry": { "type": "Point", "coordinates": [ 127.0483, 37.580759 ] } },
{ "type": "Feature", "properties": { "SWST_NM": "왕십리(성동구청)", "SWST_NO": 1013, "ADM_DR_CD": "1104056", "ADM_DR_NM": "행당1동", "SIGUNGU_CD": "11040", "SIGUNGU_NM": "성동구", "hoseon": "2호선" }, "geometry": { "type": "Point", "coordinates": [ 127.038352, 37.561827 ] } },
{ "type": "Feature", "properties": { "SWST_NM": "응봉", "SWST_NO": 1012, "ADM_DR_CD": "1104058", "ADM_DR_NM": "응봉동", "SIGUNGU_CD": "11040", "SIGUNGU_NM": "성동구", "hoseon": "경의중앙선" }, "geometry": { "type": "Point", "coordinates": [ 127.034538, 37.549946 ] } },
{ "type": "Feature", "properties": { "SWST_NM": "옥수", "SWST_NO": 1011, "ADM_DR_CD": "1104073", "ADM_DR_NM": "옥수동", "SIGUNGU_CD": "11020", "SIGUNGU_NM": "중구", "hoseon": "경의중앙선" }, "geometry": { "type": "Point", "coordinates": [ 127.018672, 37.540446 ] } },
{ "type": "Feature", "properties": { "SWST_NM": "한남", "SWST_NO": 1010, "ADM_DR_CD": "1103074", "ADM_DR_NM": "한남동", "SIGUNGU_CD": "11020", "SIGUNGU_NM": "중구", "hoseon": "경의중앙선" }, "geometry": { "type": "Point", "coordinates": [ 127.009169, 37.52943 ] } },
{ "type": "Feature", "properties": { "SWST_NM": "서빙고", "SWST_NO": 1009, "ADM_DR_CD": "1103069", "ADM_DR_NM": "서빙고동", "SIGUNGU_CD": "11030", "SIGUNGU_NM": "용산구", "hoseon": "경의중앙선" }, "geometry": { "type": "Point", "coordinates": [ 126.988537, 37.519594 ] } },
{ "type": "Feature", "properties": { "SWST_NM": "이촌(국립중앙박물관)", "SWST_NO": 1008, "ADM_DR_CD": "1103073", "ADM_DR_NM": "한강로동", "SIGUNGU_CD": "11030", "SIGUNGU_NM": "용산구", "hoseon": "경의중앙선" }, "geometry": { "type": "Point", "coordinates": [ 126.973406, 37.522427 ] } },
{ "type": "Feature", "properties": { "SWST_NM": "신도림", "SWST_NO": 1007, "ADM_DR_CD": "1117051", "ADM_DR_NM": "신도림동", "SIGUNGU_CD": "11150", "SIGUNGU_NM": "양천구", "hoseon": "1호선" }, "geometry": { "type": "Point", "coordinates": [ 126.891144, 37.508787 ] } },
{ "type": "Feature", "properties": { "SWST_NM": "영등포", "SWST_NO": 1006, "ADM_DR_CD": "1119073", "ADM_DR_NM": "영등포본동", "SIGUNGU_CD": "11190", "SIGUNGU_NM": "영등포구", "hoseon": "1호선" }, "geometry": { "type": "Point", "coordinates": [ 126.907628, 37.515504 ] } },
{ "type": "Feature", "properties": { "SWST_NM": "대방", "SWST_NO": 1005, "ADM_DR_CD": "1119069", "ADM_DR_NM": "신길7동", "SIGUNGU_CD": "11190", "SIGUNGU_NM": "영등포구", "hoseon": "1호선" }, "geometry": { "type": "Point", "coordinates": [ 126.926382, 37.513342 ] } },
{ "type": "Feature", "properties": { "SWST_NM": "노량진", "SWST_NO": 1004, "ADM_DR_CD": "1120072", "ADM_DR_NM": "노량진1동", "SIGUNGU_CD": "11030", "SIGUNGU_NM": "용산구", "hoseon": "1호선" }, "geometry": { "type": "Point", "coordinates": [ 126.94271, 37.514149 ] } },
{ "type": "Feature", "properties": { "SWST_NM": "용산", "SWST_NO": 1003, "ADM_DR_CD": "1103073", "ADM_DR_NM": "한강로동", "SIGUNGU_CD": "11030", "SIGUNGU_NM": "용산구", "hoseon": "1호선" }, "geometry": { "type": "Point", "coordinates": [ 126.964561, 37.529849 ] } },
{ "type": "Feature", "properties": { "SWST_NM": "남영", "SWST_NO": 1002, "ADM_DR_CD": "1103053", "ADM_DR_NM": "남영동", "SIGUNGU_CD": "11020", "SIGUNGU_NM": "중구", "hoseon": "1호선" }, "geometry": { "type": "Point", "coordinates": [ 126.9713, 37.541021 ] } },
{ "type": "Feature", "properties": { "SWST_NM": "서울역", "SWST_NO": 1001, "ADM_DR_CD": "1102054", "ADM_DR_NM": "회현동", "SIGUNGU_CD": "11020", "SIGUNGU_NM": "중구", "hoseon": "1호선" }, "geometry": { "type": "Point", "coordinates": [ 126.971134, 37.554337 ] } },
{ "type": "Feature", "properties": { "SWST_NM": "남태령", "SWST_NO": 434, "ADM_DR_CD": "1122063", "ADM_DR_NM": "방배2동", "SIGUNGU_CD": "11200", "SIGUNGU_NM": "동작구", "hoseon": "4호선" }, "geometry": { "type": "Point", "coordinates": [ 126.989134, 37.463873 ] } },
{ "type": "Feature", "properties": { "SWST_NM": "사당", "SWST_NO": 433, "ADM_DR_CD": "1120063", "ADM_DR_NM": "사당1동", "SIGUNGU_CD": "11200", "SIGUNGU_NM": "동작구", "hoseon": "2호선" }, "geometry": { "type": "Point", "coordinates": [ 126.981651, 37.476955 ] } },
{ "type": "Feature", "properties": { "SWST_NM": "총신대입구(이수)", "SWST_NO": 432, "ADM_DR_CD": "1120073", "ADM_DR_NM": "사당2동", "SIGUNGU_CD": "11030", "SIGUNGU_NM": "용산구", "hoseon": "4호선" }, "geometry": { "type": "Point", "coordinates": [ 126.981989, 37.486263 ] } },
{ "type": "Feature", "properties": { "SWST_NM": "동작(현충원)", "SWST_NO": 431, "ADM_DR_CD": "1120073", "ADM_DR_NM": "사당2동", "SIGUNGU_CD": "11030", "SIGUNGU_NM": "용산구", "hoseon": "4호선" }, "geometry": { "type": "Point", "coordinates": [ 126.980347, 37.502852 ] } },
{ "type": "Feature", "properties": { "SWST_NM": "이촌(국립중앙박물관)", "SWST_NO": 430, "ADM_DR_CD": "1103073", "ADM_DR_NM": "한강로동", "SIGUNGU_CD": "11030", "SIGUNGU_NM": "용산구", "hoseon": "4호선" }, "geometry": { "type": "Point", "coordinates": [ 126.974733, 37.522295 ] } },
{ "type": "Feature", "properties": { "SWST_NM": "신용산", "SWST_NO": 429, "ADM_DR_CD": "1103073", "ADM_DR_NM": "한강로동", "SIGUNGU_CD": "11030", "SIGUNGU_NM": "용산구", "hoseon": "4호선" }, "geometry": { "type": "Point", "coordinates": [ 126.967894, 37.52917 ] } },
{ "type": "Feature", "properties": { "SWST_NM": "삼각지", "SWST_NO": 428, "ADM_DR_CD": "1103073", "ADM_DR_NM": "한강로동", "SIGUNGU_CD": "11030", "SIGUNGU_NM": "용산구", "hoseon": "4호선" }, "geometry": { "type": "Point", "coordinates": [ 126.9726, 37.534075 ] } },
{ "type": "Feature", "properties": { "SWST_NM": "숙대입구(갈월)", "SWST_NO": 427, "ADM_DR_CD": "1103053", "ADM_DR_NM": "남영동", "SIGUNGU_CD": "11020", "SIGUNGU_NM": "중구", "hoseon": "4호선" }, "geometry": { "type": "Point", "coordinates": [ 126.972106, 37.54456 ] } },
{ "type": "Feature", "properties": { "SWST_NM": "서울역", "SWST_NO": 426, "ADM_DR_CD": "1103053", "ADM_DR_NM": "남영동", "SIGUNGU_CD": "11020", "SIGUNGU_NM": "중구", "hoseon": "4호선" }, "geometry": { "type": "Point", "coordinates": [ 126.972556, 37.55281 ] } },
{ "type": "Feature", "properties": { "SWST_NM": "회현(남대문시장)", "SWST_NO": 425, "ADM_DR_CD": "1102054", "ADM_DR_NM": "회현동", "SIGUNGU_CD": "11020", "SIGUNGU_NM": "중구", "hoseon": "4호선" }, "geometry": { "type": "Point", "coordinates": [ 126.978246, 37.558514 ] } },
{ "type": "Feature", "properties": { "SWST_NM": "명동", "SWST_NO": 424, "ADM_DR_CD": "1102055", "ADM_DR_NM": "명동", "SIGUNGU_CD": "11010", "SIGUNGU_NM": "종로구", "hoseon": "4호선" }, "geometry": { "type": "Point", "coordinates": [ 126.986325, 37.560989 ] } },
{ "type": "Feature", "properties": { "SWST_NM": "충무로", "SWST_NO": 423, "ADM_DR_CD": "1102057", "ADM_DR_NM": "필동", "SIGUNGU_CD": "11020", "SIGUNGU_NM": "중구", "hoseon": "4호선" }, "geometry": { "type": "Point", "coordinates": [ 126.99408, 37.561207 ] } },
{ "type": "Feature", "properties": { "SWST_NM": "동대문역사문화공원", "SWST_NO": 422, "ADM_DR_CD": "1102059", "ADM_DR_NM": "광희동", "SIGUNGU_CD": "11010", "SIGUNGU_NM": "종로구", "hoseon": "4호선" }, "geometry": { "type": "Point", "coordinates": [ 127.007885, 37.565133 ] } },
{ "type": "Feature", "properties": { "SWST_NM": "동대문", "SWST_NO": 421, "ADM_DR_CD": "1101063", "ADM_DR_NM": "종로5·6가동", "SIGUNGU_CD": "11010", "SIGUNGU_NM": "종로구", "hoseon": "4호선" }, "geometry": { "type": "Point", "coordinates": [ 127.009287, 37.57093 ] } },
{ "type": "Feature", "properties": { "SWST_NM": "혜화", "SWST_NO": 420, "ADM_DR_CD": "1101064", "ADM_DR_NM": "이화동", "SIGUNGU_CD": "11010", "SIGUNGU_NM": "종로구", "hoseon": "4호선" }, "geometry": { "type": "Point", "coordinates": [ 127.001844, 37.582336 ] } },
{ "type": "Feature", "properties": { "SWST_NM": "한성대입구(삼선교)", "SWST_NO": 419, "ADM_DR_CD": "1108082", "ADM_DR_NM": "삼선동", "SIGUNGU_CD": "11010", "SIGUNGU_NM": "종로구", "hoseon": "4호선" }, "geometry": { "type": "Point", "coordinates": [ 127.006221, 37.588458 ] } },
{ "type": "Feature", "properties": { "SWST_NM": "성신여대입구(돈암)", "SWST_NO": 418, "ADM_DR_CD": "1108082", "ADM_DR_NM": "삼선동", "SIGUNGU_CD": "11010", "SIGUNGU_NM": "종로구", "hoseon": "4호선" }, "geometry": { "type": "Point", "coordinates": [ 127.016441, 37.592612 ] } },
{ "type": "Feature", "properties": { "SWST_NM": "길음", "SWST_NO": 417, "ADM_DR_CD": "1108066", "ADM_DR_NM": "길음1동", "SIGUNGU_CD": "11080", "SIGUNGU_NM": "성북구", "hoseon": "4호선" }, "geometry": { "type": "Point", "coordinates": [ 127.025053, 37.603407 ] } },
{ "type": "Feature", "properties": { "SWST_NM": "미아사거리", "SWST_NO": 416, "ADM_DR_CD": "1109072", "ADM_DR_NM": "송천동", "SIGUNGU_CD": "11080", "SIGUNGU_NM": "성북구", "hoseon": "4호선" }, "geometry": { "type": "Point", "coordinates": [ 127.030053, 37.613292 ] } },
{ "type": "Feature", "properties": { "SWST_NM": "미아(서울사이버대학)", "SWST_NO": 415, "ADM_DR_CD": "1109070", "ADM_DR_NM": "미아동", "SIGUNGU_CD": "11090", "SIGUNGU_NM": "강북구", "hoseon": "4호선" }, "geometry": { "type": "Point", "coordinates": [ 127.025983, 37.62667 ] } },
{ "type": "Feature", "properties": { "SWST_NM": "수유(강북구청)", "SWST_NO": 414, "ADM_DR_CD": "1109060", "ADM_DR_NM": "번1동", "SIGUNGU_CD": "11090", "SIGUNGU_NM": "강북구", "hoseon": "4호선" }, "geometry": { "type": "Point", "coordinates": [ 127.025732, 37.638052 ] } },
{ "type": "Feature", "properties": { "SWST_NM": "쌍문", "SWST_NO": 413, "ADM_DR_CD": "1110059", "ADM_DR_NM": "창1동", "SIGUNGU_CD": "11100", "SIGUNGU_NM": "도봉구", "hoseon": "4호선" }, "geometry": { "type": "Point", "coordinates": [ 127.034709, 37.648627 ] } },
{ "type": "Feature", "properties": { "SWST_NM": "창동", "SWST_NO": 412, "ADM_DR_CD": "1110063", "ADM_DR_NM": "창5동", "SIGUNGU_CD": "11100", "SIGUNGU_NM": "도봉구", "hoseon": "4호선" }, "geometry": { "type": "Point", "coordinates": [ 127.047274, 37.653088 ] } },
{ "type": "Feature", "properties": { "SWST_NM": "노원", "SWST_NO": 411, "ADM_DR_CD": "1111066", "ADM_DR_NM": "상계2동", "SIGUNGU_CD": "11110", "SIGUNGU_NM": "노원구", "hoseon": "4호선" }, "geometry": { "type": "Point", "coordinates": [ 127.063276, 37.65627 ] } },
{ "type": "Feature", "properties": { "SWST_NM": "상계", "SWST_NO": 410, "ADM_DR_CD": "1111069", "ADM_DR_NM": "상계5동", "SIGUNGU_CD": "11110", "SIGUNGU_NM": "노원구", "hoseon": "4호선" }, "geometry": { "type": "Point", "coordinates": [ 127.073572, 37.660878 ] } },
{ "type": "Feature", "properties": { "SWST_NM": "당고개", "SWST_NO": 409, "ADM_DR_CD": "1111076", "ADM_DR_NM": "상계3·4동", "SIGUNGU_CD": "11110", "SIGUNGU_NM": "노원구", "hoseon": "4호선" }, "geometry": { "type": "Point", "coordinates": [ 127.079066, 37.670272 ] } },
{ "type": "Feature", "properties": { "SWST_NM": "오금", "SWST_NO": 342, "ADM_DR_CD": "1124060", "ADM_DR_NM": "오금동", "SIGUNGU_CD": "11240", "SIGUNGU_NM": "송파구", "hoseon": "3호선" }, "geometry": { "type": "Point", "coordinates": [ 127.128319, 37.502129 ] } },
{ "type": "Feature", "properties": { "SWST_NM": "경찰병원", "SWST_NO": 341, "ADM_DR_CD": "1124067", "ADM_DR_NM": "가락2동", "SIGUNGU_CD": "11240", "SIGUNGU_NM": "송파구", "hoseon": "3호선" }, "geometry": { "type": "Point", "coordinates": [ 127.12454, 37.495918 ] } },
{ "type": "Feature", "properties": { "SWST_NM": "가락시장", "SWST_NO": 340, "ADM_DR_CD": "1124066", "ADM_DR_NM": "가락1동", "SIGUNGU_CD": "11230", "SIGUNGU_NM": "강남구", "hoseon": "3호선" }, "geometry": { "type": "Point", "coordinates": [ 127.117757, 37.492245 ] } },
{ "type": "Feature", "properties": { "SWST_NM": "수서", "SWST_NO": 339, "ADM_DR_CD": "1123075", "ADM_DR_NM": "수서동", "SIGUNGU_CD": "11230", "SIGUNGU_NM": "강남구", "hoseon": "3호선" }, "geometry": { "type": "Point", "coordinates": [ 127.101907, 37.487378 ] } },
{ "type": "Feature", "properties": { "SWST_NM": "일원", "SWST_NO": 338, "ADM_DR_CD": "1123072", "ADM_DR_NM": "일원본동", "SIGUNGU_CD": "11220", "SIGUNGU_NM": "서초구", "hoseon": "3호선" }, "geometry": { "type": "Point", "coordinates": [ 127.08439, 37.483681 ] } },
{ "type": "Feature", "properties": { "SWST_NM": "대청", "SWST_NO": 337, "ADM_DR_CD": "1123074", "ADM_DR_NM": "일원2동", "SIGUNGU_CD": "11230", "SIGUNGU_NM": "강남구", "hoseon": "3호선" }, "geometry": { "type": "Point", "coordinates": [ 127.079532, 37.493514 ] } },
{ "type": "Feature", "properties": { "SWST_NM": "학여울", "SWST_NO": 336, "ADM_DR_CD": "1123079", "ADM_DR_NM": "대치2동", "SIGUNGU_CD": "11230", "SIGUNGU_NM": "강남구", "hoseon": "3호선" }, "geometry": { "type": "Point", "coordinates": [ 127.070594, 37.496663 ] } },
{ "type": "Feature", "properties": { "SWST_NM": "대치", "SWST_NO": 335, "ADM_DR_CD": "1123079", "ADM_DR_NM": "대치2동", "SIGUNGU_CD": "11230", "SIGUNGU_NM": "강남구", "hoseon": "3호선" }, "geometry": { "type": "Point", "coordinates": [ 127.063642, 37.494612 ] } },
{ "type": "Feature", "properties": { "SWST_NM": "도곡", "SWST_NO": 334, "ADM_DR_CD": "1123060", "ADM_DR_NM": "대치1동", "SIGUNGU_CD": "11230", "SIGUNGU_NM": "강남구", "hoseon": "3호선" }, "geometry": { "type": "Point", "coordinates": [ 127.055452, 37.490922 ] } },
{ "type": "Feature", "properties": { "SWST_NM": "매봉", "SWST_NO": 333, "ADM_DR_CD": "1123066", "ADM_DR_NM": "도곡1동", "SIGUNGU_CD": "11220", "SIGUNGU_NM": "서초구", "hoseon": "3호선" }, "geometry": { "type": "Point", "coordinates": [ 127.046769, 37.486947 ] } },
{ "type": "Feature", "properties": { "SWST_NM": "양재(서초구청)", "SWST_NO": 332, "ADM_DR_CD": "1122052", "ADM_DR_NM": "서초2동", "SIGUNGU_CD": "11220", "SIGUNGU_NM": "서초구", "hoseon": "3호선" }, "geometry": { "type": "Point", "coordinates": [ 127.033902, 37.484477 ] } },
{ "type": "Feature", "properties": { "SWST_NM": "남부터미널(예술의전당)", "SWST_NO": 331, "ADM_DR_CD": "1122053", "ADM_DR_NM": "서초3동", "SIGUNGU_CD": "11220", "SIGUNGU_NM": "서초구", "hoseon": "3호선" }, "geometry": { "type": "Point", "coordinates": [ 127.016189, 37.485013 ] } },
{ "type": "Feature", "properties": { "SWST_NM": "교대(법원.검찰청)", "SWST_NO": 330, "ADM_DR_CD": "1122053", "ADM_DR_NM": "서초3동", "SIGUNGU_CD": "11220", "SIGUNGU_NM": "서초구", "hoseon": "3호선" }, "geometry": { "type": "Point", "coordinates": [ 127.013786, 37.493025 ] } },
{ "type": "Feature", "properties": { "SWST_NM": "고속터미널", "SWST_NO": 329, "ADM_DR_CD": "1122060", "ADM_DR_NM": "반포4동", "SIGUNGU_CD": "11220", "SIGUNGU_NM": "서초구", "hoseon": "3호선" }, "geometry": { "type": "Point", "coordinates": [ 127.004916, 37.504891 ] } },
{ "type": "Feature", "properties": { "SWST_NM": "잠원", "SWST_NO": 328, "ADM_DR_CD": "1122055", "ADM_DR_NM": "잠원동", "SIGUNGU_CD": "11030", "SIGUNGU_NM": "용산구", "hoseon": "3호선" }, "geometry": { "type": "Point", "coordinates": [ 127.01122, 37.512759 ] } },
{ "type": "Feature", "properties": { "SWST_NM": "신사", "SWST_NO": 327, "ADM_DR_CD": "1123052", "ADM_DR_NM": "논현1동", "SIGUNGU_CD": "11220", "SIGUNGU_NM": "서초구", "hoseon": "3호선" }, "geometry": { "type": "Point", "coordinates": [ 127.020114, 37.516334 ] } },
{ "type": "Feature", "properties": { "SWST_NM": "압구정", "SWST_NO": 326, "ADM_DR_CD": "1123077", "ADM_DR_NM": "압구정동", "SIGUNGU_CD": "11040", "SIGUNGU_NM": "성동구", "hoseon": "3호선" }, "geometry": { "type": "Point", "coordinates": [ 127.028461, 37.527072 ] } },
{ "type": "Feature", "properties": { "SWST_NM": "옥수", "SWST_NO": 325, "ADM_DR_CD": "1104073", "ADM_DR_NM": "옥수동", "SIGUNGU_CD": "11020", "SIGUNGU_NM": "중구", "hoseon": "3호선" }, "geometry": { "type": "Point", "coordinates": [ 127.017269, 37.541684 ] } },
{ "type": "Feature", "properties": { "SWST_NM": "금호", "SWST_NO": 324, "ADM_DR_CD": "1104062", "ADM_DR_NM": "금호4가동", "SIGUNGU_CD": "11040", "SIGUNGU_NM": "성동구", "hoseon": "3호선" }, "geometry": { "type": "Point", "coordinates": [ 127.015872, 37.548034 ] } },
{ "type": "Feature", "properties": { "SWST_NM": "약수", "SWST_NO": 323, "ADM_DR_CD": "1102070", "ADM_DR_NM": "다산동", "SIGUNGU_CD": "11020", "SIGUNGU_NM": "중구", "hoseon": "3호선" }, "geometry": { "type": "Point", "coordinates": [ 127.010541, 37.554867 ] } },
{ "type": "Feature", "properties": { "SWST_NM": "동대입구", "SWST_NO": 322, "ADM_DR_CD": "1102058", "ADM_DR_NM": "장충동", "SIGUNGU_CD": "11020", "SIGUNGU_NM": "중구", "hoseon": "3호선" }, "geometry": { "type": "Point", "coordinates": [ 127.005602, 37.559052 ] } },
{ "type": "Feature", "properties": { "SWST_NM": "충무로", "SWST_NO": 321, "ADM_DR_CD": "1102057", "ADM_DR_NM": "필동", "SIGUNGU_CD": "11020", "SIGUNGU_NM": "중구", "hoseon": "3호선" }, "geometry": { "type": "Point", "coordinates": [ 126.994072, 37.56143 ] } },
{ "type": "Feature", "properties": { "SWST_NM": "을지로3가", "SWST_NO": 320, "ADM_DR_CD": "1102060", "ADM_DR_NM": "을지로동", "SIGUNGU_CD": "11010", "SIGUNGU_NM": "종로구", "hoseon": "3호선" }, "geometry": { "type": "Point", "coordinates": [ 126.992548, 37.566672 ] } },
{ "type": "Feature", "properties": { "SWST_NM": "종로3가", "SWST_NO": 319, "ADM_DR_CD": "1101061", "ADM_DR_NM": "종로1·2·3·4가동", "SIGUNGU_CD": "11010", "SIGUNGU_NM": "종로구", "hoseon": "3호선" }, "geometry": { "type": "Point", "coordinates": [ 126.991791, 37.571605 ] } },
{ "type": "Feature", "properties": { "SWST_NM": "안국", "SWST_NO": 318, "ADM_DR_CD": "1101061", "ADM_DR_NM": "종로1·2·3·4가동", "SIGUNGU_CD": "11010", "SIGUNGU_NM": "종로구", "hoseon": "3호선" }, "geometry": { "type": "Point", "coordinates": [ 126.985443, 37.576477 ] } },
{ "type": "Feature", "properties": { "SWST_NM": "경복궁(정부서울청사)", "SWST_NO": 317, "ADM_DR_CD": "1101053", "ADM_DR_NM": "사직동", "SIGUNGU_CD": "11010", "SIGUNGU_NM": "종로구", "hoseon": "3호선" }, "geometry": { "type": "Point", "coordinates": [ 126.97353, 37.575762 ] } },
{ "type": "Feature", "properties": { "SWST_NM": "독립문", "SWST_NO": 316, "ADM_DR_CD": "1113052", "ADM_DR_NM": "천연동", "SIGUNGU_CD": "11010", "SIGUNGU_NM": "종로구", "hoseon": "3호선" }, "geometry": { "type": "Point", "coordinates": [ 126.957748, 37.574571 ] } },
{ "type": "Feature", "properties": { "SWST_NM": "무악재", "SWST_NO": 315, "ADM_DR_CD": "1113062", "ADM_DR_NM": "홍제1동", "SIGUNGU_CD": "11010", "SIGUNGU_NM": "종로구", "hoseon": "3호선" }, "geometry": { "type": "Point", "coordinates": [ 126.950291, 37.582299 ] } },
{ "type": "Feature", "properties": { "SWST_NM": "홍제", "SWST_NO": 314, "ADM_DR_CD": "1113062", "ADM_DR_NM": "홍제1동", "SIGUNGU_CD": "11010", "SIGUNGU_NM": "종로구", "hoseon": "3호선" }, "geometry": { "type": "Point", "coordinates": [ 126.943736, 37.589066 ] } },
{ "type": "Feature", "properties": { "SWST_NM": "녹번", "SWST_NO": 313, "ADM_DR_CD": "1112051", "ADM_DR_NM": "녹번동", "SIGUNGU_CD": "11120", "SIGUNGU_NM": "은평구", "hoseon": "3호선" }, "geometry": { "type": "Point", "coordinates": [ 126.935756, 37.600927 ] } },
{ "type": "Feature", "properties": { "SWST_NM": "불광", "SWST_NO": 312, "ADM_DR_CD": "1112058", "ADM_DR_NM": "대조동", "SIGUNGU_CD": "11120", "SIGUNGU_NM": "은평구", "hoseon": "3호선" }, "geometry": { "type": "Point", "coordinates": [ 126.92982, 37.610553 ] } },
{ "type": "Feature", "properties": { "SWST_NM": "연신내", "SWST_NO": 311, "ADM_DR_CD": "1112072", "ADM_DR_NM": "불광2동", "SIGUNGU_CD": "11120", "SIGUNGU_NM": "은평구", "hoseon": "3호선" }, "geometry": { "type": "Point", "coordinates": [ 126.921038, 37.619229 ] } },
{ "type": "Feature", "properties": { "SWST_NM": "구파발", "SWST_NO": 310, "ADM_DR_CD": "1112071", "ADM_DR_NM": "진관동", "SIGUNGU_CD": "11010", "SIGUNGU_NM": "종로구", "hoseon": "3호선" }, "geometry": { "type": "Point", "coordinates": [ 126.918821, 37.636763 ] } },
{ "type": "Feature", "properties": { "SWST_NM": "용두(동대문구청)", "SWST_NO": 250, "ADM_DR_CD": "1106081", "ADM_DR_NM": "용신동", "SIGUNGU_CD": "11010", "SIGUNGU_NM": "종로구", "hoseon": "2호선" }, "geometry": { "type": "Point", "coordinates": [ 127.038091, 37.574028 ] } },
{ "type": "Feature", "properties": { "SWST_NM": "신정네거리", "SWST_NO": 249, "ADM_DR_CD": "1115066", "ADM_DR_NM": "신정3동", "SIGUNGU_CD": "11150", "SIGUNGU_NM": "양천구", "hoseon": "2호선" }, "geometry": { "type": "Point", "coordinates": [ 126.852912, 37.520074 ] } },
{ "type": "Feature", "properties": { "SWST_NM": "양천구청", "SWST_NO": 248, "ADM_DR_CD": "1115070", "ADM_DR_NM": "신정7동", "SIGUNGU_CD": "11150", "SIGUNGU_NM": "양천구", "hoseon": "2호선" }, "geometry": { "type": "Point", "coordinates": [ 126.865819, 37.512398 ] } },
{ "type": "Feature", "properties": { "SWST_NM": "도림천", "SWST_NO": 247, "ADM_DR_CD": "1117051", "ADM_DR_NM": "신도림동", "SIGUNGU_CD": "11150", "SIGUNGU_NM": "양천구", "hoseon": "2호선" }, "geometry": { "type": "Point", "coordinates": [ 126.882768, 37.514287 ] } },
{ "type": "Feature", "properties": { "SWST_NM": "신설동", "SWST_NO": 246, "ADM_DR_CD": "1106081", "ADM_DR_NM": "용신동", "SIGUNGU_CD": "11010", "SIGUNGU_NM": "종로구", "hoseon": "2호선" }, "geometry": { "type": "Point", "coordinates": [ 127.024932, 37.574747 ] } },
{ "type": "Feature", "properties": { "SWST_NM": "신답", "SWST_NO": 245, "ADM_DR_CD": "1104070", "ADM_DR_NM": "용답동", "SIGUNGU_CD": "11040", "SIGUNGU_NM": "성동구", "hoseon": "2호선" }, "geometry": { "type": "Point", "coordinates": [ 127.046481, 37.57004 ] } },
{ "type": "Feature", "properties": { "SWST_NM": "용답", "SWST_NO": 244, "ADM_DR_CD": "1104055", "ADM_DR_NM": "사근동", "SIGUNGU_CD": "11040", "SIGUNGU_NM": "성동구", "hoseon": "2호선" }, "geometry": { "type": "Point", "coordinates": [ 127.050899, 37.561904 ] } },
{ "type": "Feature", "properties": { "SWST_NM": "충정로(경기대입구)", "SWST_NO": 243, "ADM_DR_CD": "1113073", "ADM_DR_NM": "충현동", "SIGUNGU_CD": "11010", "SIGUNGU_NM": "종로구", "hoseon": "2호선" }, "geometry": { "type": "Point", "coordinates": [ 126.964378, 37.559704 ] } },
{ "type": "Feature", "properties": { "SWST_NM": "아현", "SWST_NO": 242, "ADM_DR_CD": "1114078", "ADM_DR_NM": "아현동", "SIGUNGU_CD": "11130", "SIGUNGU_NM": "서대문구", "hoseon": "2호선" }, "geometry": { "type": "Point", "coordinates": [ 126.956141, 37.557345 ] } },
{ "type": "Feature", "properties": { "SWST_NM": "이대", "SWST_NO": 241, "ADM_DR_CD": "1114060", "ADM_DR_NM": "대흥동", "SIGUNGU_CD": "11130", "SIGUNGU_NM": "서대문구", "hoseon": "2호선" }, "geometry": { "type": "Point", "coordinates": [ 126.946013, 37.556733 ] } },
{ "type": "Feature", "properties": { "SWST_NM": "신촌", "SWST_NO": 240, "ADM_DR_CD": "1113075", "ADM_DR_NM": "신촌동", "SIGUNGU_CD": "11130", "SIGUNGU_NM": "서대문구", "hoseon": "2호선" }, "geometry": { "type": "Point", "coordinates": [ 126.936926, 37.555131 ] } },
{ "type": "Feature", "properties": { "SWST_NM": "홍대입구", "SWST_NO": 239, "ADM_DR_CD": "1114066", "ADM_DR_NM": "서교동", "SIGUNGU_CD": "11130", "SIGUNGU_NM": "서대문구", "hoseon": "2호선" }, "geometry": { "type": "Point", "coordinates": [ 126.923708, 37.55679 ] } },
{ "type": "Feature", "properties": { "SWST_NM": "합정", "SWST_NO": 238, "ADM_DR_CD": "1114068", "ADM_DR_NM": "합정동", "SIGUNGU_CD": "11140", "SIGUNGU_NM": "마포구", "hoseon": "2호선" }, "geometry": { "type": "Point", "coordinates": [ 126.913808, 37.549457 ] } },
{ "type": "Feature", "properties": { "SWST_NM": "당산", "SWST_NO": 237, "ADM_DR_CD": "1119056", "ADM_DR_NM": "당산2동", "SIGUNGU_CD": "11140", "SIGUNGU_NM": "마포구", "hoseon": "2호선" }, "geometry": { "type": "Point", "coordinates": [ 126.902767, 37.534946 ] } },
{ "type": "Feature", "properties": { "SWST_NM": "영등포구청", "SWST_NO": 236, "ADM_DR_CD": "1119055", "ADM_DR_NM": "당산1동", "SIGUNGU_CD": "11190", "SIGUNGU_NM": "영등포구", "hoseon": "2호선" }, "geometry": { "type": "Point", "coordinates": [ 126.89661, 37.525706 ] } },
{ "type": "Feature", "properties": { "SWST_NM": "문래", "SWST_NO": 235, "ADM_DR_CD": "1119076", "ADM_DR_NM": "문래동", "SIGUNGU_CD": "11150", "SIGUNGU_NM": "양천구", "hoseon": "2호선" }, "geometry": { "type": "Point", "coordinates": [ 126.89476, 37.517933 ] } },
{ "type": "Feature", "properties": { "SWST_NM": "신도림", "SWST_NO": 234, "ADM_DR_CD": "1117051", "ADM_DR_NM": "신도림동", "SIGUNGU_CD": "11150", "SIGUNGU_NM": "양천구", "hoseon": "2호선" }, "geometry": { "type": "Point", "coordinates": [ 126.891084, 37.508961 ] } },
{ "type": "Feature", "properties": { "SWST_NM": "대림(구로구청)", "SWST_NO": 233, "ADM_DR_CD": "1117055", "ADM_DR_NM": "구로4동", "SIGUNGU_CD": "11170", "SIGUNGU_NM": "구로구", "hoseon": "2호선" }, "geometry": { "type": "Point", "coordinates": [ 126.894932, 37.493243 ] } },
{ "type": "Feature", "properties": { "SWST_NM": "구로디지털단지", "SWST_NO": 232, "ADM_DR_CD": "1117054", "ADM_DR_NM": "구로3동", "SIGUNGU_CD": "11170", "SIGUNGU_NM": "구로구", "hoseon": "2호선" }, "geometry": { "type": "Point", "coordinates": [ 126.901401, 37.485266 ] } },
{ "type": "Feature", "properties": { "SWST_NM": "신대방", "SWST_NO": 231, "ADM_DR_CD": "1121068", "ADM_DR_NM": "신사동", "SIGUNGU_CD": "11200", "SIGUNGU_NM": "동작구", "hoseon": "2호선" }, "geometry": { "type": "Point", "coordinates": [ 126.913149, 37.487462 ] } },
{ "type": "Feature", "properties": { "SWST_NM": "신림", "SWST_NO": 230, "ADM_DR_CD": "1121064", "ADM_DR_NM": "서원동", "SIGUNGU_CD": "11210", "SIGUNGU_NM": "관악구", "hoseon": "2호선" }, "geometry": { "type": "Point", "coordinates": [ 126.929715, 37.484201 ] } },
{ "type": "Feature", "properties": { "SWST_NM": "봉천", "SWST_NO": 229, "ADM_DR_CD": "1121080", "ADM_DR_NM": "청룡동", "SIGUNGU_CD": "11210", "SIGUNGU_NM": "관악구", "hoseon": "2호선" }, "geometry": { "type": "Point", "coordinates": [ 126.941892, 37.482362 ] } },
{ "type": "Feature", "properties": { "SWST_NM": "서울대입구(관악구청)", "SWST_NO": 228, "ADM_DR_CD": "1121080", "ADM_DR_NM": "청룡동", "SIGUNGU_CD": "11210", "SIGUNGU_NM": "관악구", "hoseon": "2호선" }, "geometry": { "type": "Point", "coordinates": [ 126.952739, 37.481247 ] } },
{ "type": "Feature", "properties": { "SWST_NM": "낙성대", "SWST_NO": 227, "ADM_DR_CD": "1121062", "ADM_DR_NM": "인헌동", "SIGUNGU_CD": "11210", "SIGUNGU_NM": "관악구", "hoseon": "2호선" }, "geometry": { "type": "Point", "coordinates": [ 126.963693, 37.47693 ] } },
{ "type": "Feature", "properties": { "SWST_NM": "사당", "SWST_NO": 226, "ADM_DR_CD": "1120063", "ADM_DR_NM": "사당1동", "SIGUNGU_CD": "11200", "SIGUNGU_NM": "동작구", "hoseon": "2호선" }, "geometry": { "type": "Point", "coordinates": [ 126.981544, 37.476538 ] } },
{ "type": "Feature", "properties": { "SWST_NM": "방배", "SWST_NO": 225, "ADM_DR_CD": "1122064", "ADM_DR_NM": "방배3동", "SIGUNGU_CD": "11220", "SIGUNGU_NM": "서초구", "hoseon": "2호선" }, "geometry": { "type": "Point", "coordinates": [ 126.997596, 37.481426 ] } },
{ "type": "Feature", "properties": { "SWST_NM": "서초", "SWST_NO": 224, "ADM_DR_CD": "1122053", "ADM_DR_NM": "서초3동", "SIGUNGU_CD": "11220", "SIGUNGU_NM": "서초구", "hoseon": "2호선" }, "geometry": { "type": "Point", "coordinates": [ 127.007917, 37.491897 ] } },
{ "type": "Feature", "properties": { "SWST_NM": "교대(법원.검찰청)", "SWST_NO": 223, "ADM_DR_CD": "1122051", "ADM_DR_NM": "서초1동", "SIGUNGU_CD": "11220", "SIGUNGU_NM": "서초구", "hoseon": "2호선" }, "geometry": { "type": "Point", "coordinates": [ 127.014667, 37.493961 ] } },
{ "type": "Feature", "properties": { "SWST_NM": "강남", "SWST_NO": 222, "ADM_DR_CD": "1123064", "ADM_DR_NM": "역삼1동", "SIGUNGU_CD": "11220", "SIGUNGU_NM": "서초구", "hoseon": "2호선" }, "geometry": { "type": "Point", "coordinates": [ 127.027912, 37.49799 ] } },
{ "type": "Feature", "properties": { "SWST_NM": "역삼", "SWST_NO": 221, "ADM_DR_CD": "1123064", "ADM_DR_NM": "역삼1동", "SIGUNGU_CD": "11220", "SIGUNGU_NM": "서초구", "hoseon": "2호선" }, "geometry": { "type": "Point", "coordinates": [ 127.036456, 37.500622 ] } },
{ "type": "Feature", "properties": { "SWST_NM": "선릉", "SWST_NO": 220, "ADM_DR_CD": "1123064", "ADM_DR_NM": "역삼1동", "SIGUNGU_CD": "11220", "SIGUNGU_NM": "서초구", "hoseon": "2호선" }, "geometry": { "type": "Point", "coordinates": [ 127.048203, 37.504286 ] } },
{ "type": "Feature", "properties": { "SWST_NM": "삼성(무역센터)", "SWST_NO": 219, "ADM_DR_CD": "1123079", "ADM_DR_NM": "대치2동", "SIGUNGU_CD": "11230", "SIGUNGU_NM": "강남구", "hoseon": "2호선" }, "geometry": { "type": "Point", "coordinates": [ 127.06316, 37.508844 ] } },
{ "type": "Feature", "properties": { "SWST_NM": "종합운동장", "SWST_NO": 218, "ADM_DR_CD": "1124078", "ADM_DR_NM": "잠실7동", "SIGUNGU_CD": "11230", "SIGUNGU_NM": "강남구", "hoseon": "2호선" }, "geometry": { "type": "Point", "coordinates": [ 127.073704, 37.511022 ] } },
{ "type": "Feature", "properties": { "SWST_NM": "잠실새내", "SWST_NO": 217, "ADM_DR_CD": "1124079", "ADM_DR_NM": "잠실2동", "SIGUNGU_CD": "11050", "SIGUNGU_NM": "광진구", "hoseon": "2호선" }, "geometry": { "type": "Point", "coordinates": [ 127.086162, 37.511687 ] } },
{ "type": "Feature", "properties": { "SWST_NM": "잠실(송파구청)", "SWST_NO": 216, "ADM_DR_CD": "1124077", "ADM_DR_NM": "잠실6동", "SIGUNGU_CD": "11050", "SIGUNGU_NM": "광진구", "hoseon": "2호선" }, "geometry": { "type": "Point", "coordinates": [ 127.100159, 37.513262 ] } },
{ "type": "Feature", "properties": { "SWST_NM": "잠실나루", "SWST_NO": 215, "ADM_DR_CD": "1124075", "ADM_DR_NM": "잠실4동", "SIGUNGU_CD": "11240", "SIGUNGU_NM": "송파구", "hoseon": "2호선" }, "geometry": { "type": "Point", "coordinates": [ 127.10379, 37.520733 ] } },
{ "type": "Feature", "properties": { "SWST_NM": "강변(동서울터미널)", "SWST_NO": 214, "ADM_DR_CD": "1105062", "ADM_DR_NM": "구의3동", "SIGUNGU_CD": "11050", "SIGUNGU_NM": "광진구", "hoseon": "2호선" }, "geometry": { "type": "Point", "coordinates": [ 127.094681, 37.535095 ] } },
{ "type": "Feature", "properties": { "SWST_NM": "구의(광진구청)", "SWST_NO": 213, "ADM_DR_CD": "1105060", "ADM_DR_NM": "구의1동", "SIGUNGU_CD": "11050", "SIGUNGU_NM": "광진구", "hoseon": "2호선" }, "geometry": { "type": "Point", "coordinates": [ 127.085916, 37.537077 ] } },
{ "type": "Feature", "properties": { "SWST_NM": "건대입구", "SWST_NO": 212, "ADM_DR_CD": "1105053", "ADM_DR_NM": "화양동", "SIGUNGU_CD": "11040", "SIGUNGU_NM": "성동구", "hoseon": "2호선" }, "geometry": { "type": "Point", "coordinates": [ 127.069191, 37.540373 ] } },
{ "type": "Feature", "properties": { "SWST_NM": "성수", "SWST_NO": 211, "ADM_DR_CD": "1104068", "ADM_DR_NM": "성수2가3동", "SIGUNGU_CD": "11040", "SIGUNGU_NM": "성동구", "hoseon": "2호선" }, "geometry": { "type": "Point", "coordinates": [ 127.055961, 37.544581 ] } },
{ "type": "Feature", "properties": { "SWST_NM": "뚝섬", "SWST_NO": 210, "ADM_DR_CD": "1104066", "ADM_DR_NM": "성수1가2동", "SIGUNGU_CD": "11040", "SIGUNGU_NM": "성동구", "hoseon": "2호선" }, "geometry": { "type": "Point", "coordinates": [ 127.047367, 37.547184 ] } },
{ "type": "Feature", "properties": { "SWST_NM": "한양대", "SWST_NO": 209, "ADM_DR_CD": "1104055", "ADM_DR_NM": "사근동", "SIGUNGU_CD": "11040", "SIGUNGU_NM": "성동구", "hoseon": "2호선" }, "geometry": { "type": "Point", "coordinates": [ 127.043655, 37.555273 ] } },
{ "type": "Feature", "properties": { "SWST_NM": "왕십리(성동구청)", "SWST_NO": 208, "ADM_DR_CD": "1104056", "ADM_DR_NM": "행당1동", "SIGUNGU_CD": "11040", "SIGUNGU_NM": "성동구", "hoseon": "2호선" }, "geometry": { "type": "Point", "coordinates": [ 127.036954, 37.561238 ] } },
{ "type": "Feature", "properties": { "SWST_NM": "상왕십리", "SWST_NO": 207, "ADM_DR_CD": "1104052", "ADM_DR_NM": "왕십리2동", "SIGUNGU_CD": "11020", "SIGUNGU_NM": "중구", "hoseon": "2호선" }, "geometry": { "type": "Point", "coordinates": [ 127.029354, 37.564354 ] } },
{ "type": "Feature", "properties": { "SWST_NM": "신당", "SWST_NO": 206, "ADM_DR_CD": "1102065", "ADM_DR_NM": "신당5동", "SIGUNGU_CD": "11020", "SIGUNGU_NM": "중구", "hoseon": "2호선" }, "geometry": { "type": "Point", "coordinates": [ 127.019614, 37.56564 ] } },
{ "type": "Feature", "properties": { "SWST_NM": "동대문역사문화공원", "SWST_NO": 205, "ADM_DR_CD": "1102059", "ADM_DR_NM": "광희동", "SIGUNGU_CD": "11010", "SIGUNGU_NM": "종로구", "hoseon": "2호선" }, "geometry": { "type": "Point", "coordinates": [ 127.009054, 37.565613 ] } },
{ "type": "Feature", "properties": { "SWST_NM": "을지로4가", "SWST_NO": 204, "ADM_DR_CD": "1102060", "ADM_DR_NM": "을지로동", "SIGUNGU_CD": "11010", "SIGUNGU_NM": "종로구", "hoseon": "2호선" }, "geometry": { "type": "Point", "coordinates": [ 126.997817, 37.566595 ] } },
{ "type": "Feature", "properties": { "SWST_NM": "을지로3가", "SWST_NO": 203, "ADM_DR_CD": "1102060", "ADM_DR_NM": "을지로동", "SIGUNGU_CD": "11010", "SIGUNGU_NM": "종로구", "hoseon": "2호선" }, "geometry": { "type": "Point", "coordinates": [ 126.991696, 37.566306 ] } },
{ "type": "Feature", "properties": { "SWST_NM": "을지로입구", "SWST_NO": 202, "ADM_DR_CD": "1102052", "ADM_DR_NM": "소공동", "SIGUNGU_CD": "11010", "SIGUNGU_NM": "종로구", "hoseon": "2호선" }, "geometry": { "type": "Point", "coordinates": [ 126.982618, 37.566014 ] } },
{ "type": "Feature", "properties": { "SWST_NM": "시청", "SWST_NO": 201, "ADM_DR_CD": "1102052", "ADM_DR_NM": "소공동", "SIGUNGU_CD": "11010", "SIGUNGU_NM": "종로구", "hoseon": "1호선" }, "geometry": { "type": "Point", "coordinates": [ 126.975411, 37.563588 ] } },
{ "type": "Feature", "properties": { "SWST_NM": "동묘앞", "SWST_NO": 159, "ADM_DR_CD": "1101070", "ADM_DR_NM": "숭인1동", "SIGUNGU_CD": "11010", "SIGUNGU_NM": "종로구", "hoseon": "1호선" }, "geometry": { "type": "Point", "coordinates": [ 127.01648, 37.573197 ] } },
{ "type": "Feature", "properties": { "SWST_NM": "청량리(서울시립대입구)", "SWST_NO": 158, "ADM_DR_CD": "1106083", "ADM_DR_NM": "전농1동", "SIGUNGU_CD": "11060", "SIGUNGU_NM": "동대문구", "hoseon": "1호선" }, "geometry": { "type": "Point", "coordinates": [ 127.044585, 37.579956 ] } },
{ "type": "Feature", "properties": { "SWST_NM": "제기동", "SWST_NO": 157, "ADM_DR_CD": "1106081", "ADM_DR_NM": "용신동", "SIGUNGU_CD": "11010", "SIGUNGU_NM": "종로구", "hoseon": "1호선" }, "geometry": { "type": "Point", "coordinates": [ 127.034893, 37.578103 ] } },
{ "type": "Feature", "properties": { "SWST_NM": "신설동", "SWST_NO": 156, "ADM_DR_CD": "1106081", "ADM_DR_NM": "용신동", "SIGUNGU_CD": "11010", "SIGUNGU_NM": "종로구", "hoseon": "1호선" }, "geometry": { "type": "Point", "coordinates": [ 127.024634, 37.576048 ] } },
{ "type": "Feature", "properties": { "SWST_NM": "동대문", "SWST_NO": 155, "ADM_DR_CD": "1101067", "ADM_DR_NM": "창신1동", "SIGUNGU_CD": "11010", "SIGUNGU_NM": "종로구", "hoseon": "1호선" }, "geometry": { "type": "Point", "coordinates": [ 127.01093, 37.571687 ] } },
{ "type": "Feature", "properties": { "SWST_NM": "종로5가", "SWST_NO": 154, "ADM_DR_CD": "1101063", "ADM_DR_NM": "종로5·6가동", "SIGUNGU_CD": "11010", "SIGUNGU_NM": "종로구", "hoseon": "1호선" }, "geometry": { "type": "Point", "coordinates": [ 127.001849, 37.570926 ] } },
{ "type": "Feature", "properties": { "SWST_NM": "종로3가", "SWST_NO": 153, "ADM_DR_CD": "1101061", "ADM_DR_NM": "종로1·2·3·4가동", "SIGUNGU_CD": "11010", "SIGUNGU_NM": "종로구", "hoseon": "1호선" }, "geometry": { "type": "Point", "coordinates": [ 126.991847, 37.570406 ] } },
{ "type": "Feature", "properties": { "SWST_NM": "종각", "SWST_NO": 152, "ADM_DR_CD": "1101061", "ADM_DR_NM": "종로1·2·3·4가동", "SIGUNGU_CD": "11010", "SIGUNGU_NM": "종로구", "hoseon": "1호선" }, "geometry": { "type": "Point", "coordinates": [ 126.982923, 37.570161 ] } },
{ "type": "Feature", "properties": { "SWST_NM": "시청", "SWST_NO": 151, "ADM_DR_CD": "1102052", "ADM_DR_NM": "소공동", "SIGUNGU_CD": "11010", "SIGUNGU_NM": "종로구", "hoseon": "1호선" }, "geometry": { "type": "Point", "coordinates": [ 126.977088, 37.565715 ] } },
{ "type": "Feature", "properties": { "SWST_NM": "서울역", "SWST_NO": 150, "ADM_DR_CD": "1102054", "ADM_DR_NM": "회현동", "SIGUNGU_CD": "11020", "SIGUNGU_NM": "중구", "hoseon": "1호선" }, "geometry": { "type": "Point", "coordinates": [ 126.972135, 37.556228 ] } }
]
}
