{
"type": "FeatureCollection",
"name": "서울구경계",
"crs": { "type": "name", "properties": { "name": "urn:ogc:def:crs:OGC:1.3:CRS84" } },
"features": [
{ "type": "Feature", "properties": { "SIG_CD": "11110", "SIG_ENG_NM": "Jongno-gu", "SIG_KOR_NM": "종로구" }, "geometry": { "type": "MultiPolygon", "coordinates": [ [ [ [ 127.00864326221884, 37.580468252047105 ], [ 127.010591132532355, 37.580253773768526 ], [ 127.0111144791085, 37.581044068617025 ], [ 127.011760906344833, 37.581560387551583 ], [ 127.012853371201359, 37.581359538978468 ], [ 127.01319532514357, 37.581420322224467 ], [ 127.014081621074254, 37.581796113675971 ], [ 127.01422123698606, 37.582077377605764 ], [ 127.014810701263002, 37.582329588823718 ], [ 127.015374193169407, 37.581820746173975 ], [ 127.016357748223413, 37.581935781687179 ], [ 127.016683359079607, 37.581714160781004 ], [ 127.016868402305917, 37.580876778259977 ], [ 127.017277308419153, 37.580552648608084 ], [ 127.017577487998224, 37.579719195706424 ], [ 127.017972260203962, 37.579515860770975 ], [ 127.018279581038698, 37.579029005488863 ], [ 127.018152310980625, 37.578615128248032 ], [ 127.017694770443143, 37.578138795104842 ], [ 127.018107330091638, 37.577578441205652 ], [ 127.018417954029729, 37.577670739290596 ], [ 127.018772400942552, 37.5775180878844 ], [ 127.019501789273932, 37.577907935135492 ], [ 127.019371280774024, 37.578080268660827 ], [ 127.021405844803738, 37.5788550713267 ], [ 127.021792703084742, 37.57887134041367 ], [ 127.022326840850567, 37.57862854870708 ], [ 127.022757296897808, 37.578334804454002 ], [ 127.022530110488077, 37.578084253667896 ], [ 127.022889863947611, 37.577825362625596 ], [ 127.023138747960743, 37.578021074705383 ], [ 127.023365324367305, 37.571914312786596 ], [ 127.0222050813816, 37.572022072676106 ], [ 127.020754659512605, 37.571715702773112 ], [ 127.019053531539555, 37.571027838258821 ], [ 127.017365002052856, 37.570084886778318 ], [ 127.015879555450141, 37.569761532008705 ], [ 127.00225770946939, 37.56961571318643 ], [ 126.997958326305451, 37.568840812024426 ], [ 126.990150967259112, 37.568136142072049 ], [ 126.986639177868767, 37.568232328645131 ], [ 126.98268381263847, 37.569009424829048 ], [ 126.980564280303639, 37.568989363061426 ], [ 126.977579596575808, 37.56931258369729 ], [ 126.976444858054464, 37.569236890408213 ], [ 126.976375262869311, 37.569484368019744 ], [ 126.974706651991184, 37.569201315866707 ], [ 126.974204476044207, 37.569340295295198 ], [ 126.973205201058377, 37.56931894072283 ], [ 126.973191642110137, 37.569165201874483 ], [ 126.972879286307176, 37.569192723783161 ], [ 126.972807053039617, 37.568998462214459 ], [ 126.972591408016669, 37.569060037162394 ], [ 126.972418696613701, 37.56883108967704 ], [ 126.972552017136223, 37.568474664512962 ], [ 126.971662239683823, 37.568409688835899 ], [ 126.971512501842227, 37.568710355680167 ], [ 126.971175528902222, 37.568819235064147 ], [ 126.96950710344818, 37.56815712677858 ], [ 126.969424286500555, 37.568276485235231 ], [ 126.969274538535046, 37.56813397116472 ], [ 126.969098691348762, 37.568247681783291 ], [ 126.966698208491763, 37.565819951704597 ], [ 126.958337849065188, 37.574098404388849 ], [ 126.956370211169101, 37.575685090565926 ], [ 126.955634003028194, 37.576594803559878 ], [ 126.955449374722249, 37.576544898070807 ], [ 126.953558512874579, 37.578748742448198 ], [ 126.9551068088916, 37.579296152002868 ], [ 126.955678104061946, 37.579684358008279 ], [ 126.957202101597289, 37.579819240985721 ], [ 126.957223896129122, 37.580351398742636 ], [ 126.958031528766625, 37.580735465120256 ], [ 126.958173429738906, 37.580984694065123 ], [ 126.957549812649603, 37.582302723274175 ], [ 126.957985858945449, 37.584430896361646 ], [ 126.957463954894436, 37.586024879590425 ], [ 126.957374236868333, 37.586970322111512 ], [ 126.957464052200251, 37.587953835105239 ], [ 126.957326679063641, 37.588722161866713 ], [ 126.957819533533993, 37.59146021299938 ], [ 126.957810395244636, 37.592565321205065 ], [ 126.957511995089121, 37.593061031062803 ], [ 126.957517030033927, 37.593528986183799 ], [ 126.958540853610586, 37.594183414903881 ], [ 126.95903394784365, 37.594788658334785 ], [ 126.959051325143832, 37.59503447106804 ], [ 126.958645342163081, 37.59586294127395 ], [ 126.958706962451842, 37.596379344545291 ], [ 126.958042092180989, 37.598156012611248 ], [ 126.95730812799431, 37.598531053684532 ], [ 126.956747054226454, 37.598575332756319 ], [ 126.956598785443774, 37.598868933972611 ], [ 126.955411471269485, 37.599273918680161 ], [ 126.954881174566637, 37.59930947036456 ], [ 126.954141360698031, 37.599098291542532 ], [ 126.953841198799466, 37.598673302914221 ], [ 126.953508804459744, 37.598578844215346 ], [ 126.953237736675334, 37.598595347780943 ], [ 126.953011391311392, 37.598935655543968 ], [ 126.953380617239176, 37.599531302681527 ], [ 126.95336198641067, 37.600168452460132 ], [ 126.952597102315579, 37.60122904559563 ], [ 126.952375449442854, 37.60247596804534 ], [ 126.952669908960829, 37.602713165910977 ], [ 126.953275502082988, 37.603662825625051 ], [ 126.953566947260455, 37.604479459933572 ], [ 126.954060608813975, 37.605072902425036 ], [ 126.953096310176264, 37.605503009169041 ], [ 126.9527101146262, 37.60591364400792 ], [ 126.952586288454867, 37.606656903147403 ], [ 126.951744038851288, 37.607385220296507 ], [ 126.951447918027995, 37.608015214886649 ], [ 126.950596344494485, 37.608360602377921 ], [ 126.950542034756921, 37.608865975749005 ], [ 126.950330050827063, 37.609108590497939 ], [ 126.950381591966007, 37.610581718024399 ], [ 126.949810321846215, 37.611655601310829 ], [ 126.950712284372813, 37.61351708714799 ], [ 126.950565015978199, 37.615121328577644 ], [ 126.950704198993421, 37.615529082457172 ], [ 126.949836196140126, 37.618765478451735 ], [ 126.94990249644259, 37.620921949574537 ], [ 126.948898563211088, 37.623262360004887 ], [ 126.949002418135962, 37.624335139624549 ], [ 126.950412691542226, 37.626419552942039 ], [ 126.951579213816203, 37.626555766902349 ], [ 126.951980086520237, 37.62686762061486 ], [ 126.953492774453807, 37.627368001081074 ], [ 126.954034933200916, 37.6273594900116 ], [ 126.955205136743388, 37.62815141113056 ], [ 126.956379155930179, 37.628219727828807 ], [ 126.957466664332657, 37.62913068613279 ], [ 126.958813961056222, 37.629589275095718 ], [ 126.961439668838366, 37.629959318164026 ], [ 126.963767222288482, 37.629793116436559 ], [ 126.96433141659648, 37.630360065259204 ], [ 126.965228476692076, 37.630768046410921 ], [ 126.968235548900395, 37.630730073762052 ], [ 126.971327559251918, 37.631618657634462 ], [ 126.973029771497181, 37.632374767564016 ], [ 126.973672112297095, 37.632031143597537 ], [ 126.975388355570004, 37.631733087061129 ], [ 126.974670905145544, 37.629805111051795 ], [ 126.974956704199514, 37.628999646606623 ], [ 126.978418682592903, 37.629289247026094 ], [ 126.979537132139342, 37.62888768718279 ], [ 126.979930003802565, 37.628561154855241 ], [ 126.980185955496083, 37.627928263650922 ], [ 126.979867838596519, 37.627451813006516 ], [ 126.979603529126891, 37.626375094042977 ], [ 126.980908649335447, 37.625390162337411 ], [ 126.981830201189368, 37.624323217561226 ], [ 126.983648170002667, 37.621147273562805 ], [ 126.983174779108722, 37.62019863996845 ], [ 126.983163514739473, 37.619252608868344 ], [ 126.983722952996132, 37.617769734688885 ], [ 126.984399225592909, 37.616873079636449 ], [ 126.984543124236197, 37.615998869706473 ], [ 126.986584412043271, 37.613978974973584 ], [ 126.986138251061959, 37.613223498921592 ], [ 126.985647899071012, 37.611379242033884 ], [ 126.985872515548806, 37.609463559545965 ], [ 126.986834058779337, 37.60886959362842 ], [ 126.986703051536111, 37.608277469868227 ], [ 126.986112022732556, 37.607391052981967 ], [ 126.986374192715616, 37.606863444667844 ], [ 126.986308976224336, 37.606508395178672 ], [ 126.98675533141062, 37.606087242588217 ], [ 126.986787136940563, 37.6045105270885 ], [ 126.986666208311107, 37.604016944589738 ], [ 126.985756815219602, 37.603451739238196 ], [ 126.984738159398248, 37.603371915872714 ], [ 126.98434114625023, 37.603120709780548 ], [ 126.983981585528795, 37.603207655806159 ], [ 126.982847274943666, 37.602144042610739 ], [ 126.982565904868679, 37.602257746868602 ], [ 126.979208083482604, 37.601040832684859 ], [ 126.978502103481375, 37.60100015287464 ], [ 126.97793540192913, 37.600306851509778 ], [ 126.977682764615196, 37.600229928861914 ], [ 126.977414715558822, 37.59910083409499 ], [ 126.976718683925654, 37.597906039720506 ], [ 126.976905235950483, 37.597716313585941 ], [ 126.977953566288363, 37.597683866887728 ], [ 126.978571018279723, 37.597252074961681 ], [ 126.978571874847106, 37.596785816002672 ], [ 126.978740176738654, 37.596634933805852 ], [ 126.980261430789525, 37.595953289881081 ], [ 126.980910427610084, 37.595838808827423 ], [ 126.981488234847575, 37.595335762770688 ], [ 126.982480823843147, 37.595196553816244 ], [ 126.982920599377167, 37.594775981467009 ], [ 126.98346695436264, 37.594684553328925 ], [ 126.983844052613264, 37.594435434208897 ], [ 126.985429459709138, 37.594449455039381 ], [ 126.985778921666011, 37.594254952632184 ], [ 126.986698170449216, 37.592749580812828 ], [ 126.987172673494186, 37.592718104982659 ], [ 126.987755004153925, 37.59225501421831 ], [ 126.988517050152268, 37.591941440855898 ], [ 126.989222004955977, 37.591257335677895 ], [ 126.989867182586323, 37.591469132535799 ], [ 126.990970072462133, 37.591530052722547 ], [ 126.991432202344072, 37.591409018797201 ], [ 126.992159781438019, 37.591994718757569 ], [ 126.993564014816485, 37.591730725138063 ], [ 126.993824466856296, 37.591447770148385 ], [ 126.99431435377781, 37.591454846768585 ], [ 126.995361804781751, 37.592279865607495 ], [ 126.996413774733426, 37.592101412734003 ], [ 126.998468676422235, 37.592471166713736 ], [ 126.999452355474403, 37.592229327746075 ], [ 127.000953329365998, 37.59230086464747 ], [ 127.001732302821338, 37.591352291165713 ], [ 127.001783083855386, 37.591018647404461 ], [ 127.001463219986348, 37.59055126181908 ], [ 127.001468519217482, 37.590149197324173 ], [ 127.002005813900027, 37.589684351177013 ], [ 127.002216677970267, 37.589172194201261 ], [ 127.003393485017, 37.588569079983351 ], [ 127.003517305208831, 37.588145335615287 ], [ 127.003988064003764, 37.58794457819252 ], [ 127.003891638220665, 37.587747489645238 ], [ 127.004080932469876, 37.587733691605301 ], [ 127.004251593214548, 37.587176590539812 ], [ 127.00586630878388, 37.586972018446914 ], [ 127.006626059986132, 37.586124998631519 ], [ 127.00655088897183, 37.585545857349338 ], [ 127.006901630507357, 37.585280555671076 ], [ 127.006889304948245, 37.584703465886392 ], [ 127.007270773798609, 37.583333102510885 ], [ 127.006753098047767, 37.582336410806882 ], [ 127.008327187389568, 37.58105693012449 ], [ 127.00864326221884, 37.580468252047105 ] ] ] ] } },
{ "type": "Feature", "properties": { "SIG_CD": "11140", "SIG_ENG_NM": "Jung-gu", "SIG_KOR_NM": "중구" }, "geometry": { "type": "MultiPolygon", "coordinates": [ [ [ [ 127.023136826325427, 37.571960809771866 ], [ 127.023391674650085, 37.571907271193943 ], [ 127.023584604396547, 37.565179105830445 ], [ 127.026785807204448, 37.565040495765622 ], [ 127.026749517659553, 37.563893995235958 ], [ 127.026512886566806, 37.563367534644819 ], [ 127.025943188881442, 37.562619265323399 ], [ 127.024494921982679, 37.561857382252086 ], [ 127.02338965182085, 37.560729661638362 ], [ 127.023220371171107, 37.559999612096149 ], [ 127.022411573270304, 37.559041609598978 ], [ 127.022849599376812, 37.558980146853791 ], [ 127.022888882974044, 37.557829413635034 ], [ 127.022554300436624, 37.557828626784797 ], [ 127.021922546340349, 37.557476504655568 ], [ 127.020898749856016, 37.557827783879091 ], [ 127.019577339463794, 37.557495474039861 ], [ 127.019680725451394, 37.557262885651653 ], [ 127.019414986481465, 37.557436934413545 ], [ 127.018040125629128, 37.556847824278364 ], [ 127.01736088176159, 37.555919338960031 ], [ 127.017232480347246, 37.554972190136013 ], [ 127.016858379177847, 37.554471622063367 ], [ 127.016985890022255, 37.553655650463185 ], [ 127.016374835745651, 37.553114008355145 ], [ 127.016162364372647, 37.552610038756939 ], [ 127.015982886936726, 37.552588950666696 ], [ 127.013636428800666, 37.550443451036287 ], [ 127.012166904694382, 37.549415895236272 ], [ 127.011595305028251, 37.548487924425814 ], [ 127.010927611242721, 37.548181642463533 ], [ 127.010588137471075, 37.548268957066583 ], [ 127.010017161916394, 37.547904089026304 ], [ 127.009680155365871, 37.547888633767656 ], [ 127.009098705930768, 37.54705158838523 ], [ 127.00921196674615, 37.54638344174527 ], [ 127.008712086608568, 37.546015192914574 ], [ 127.008153294767439, 37.545059895059424 ], [ 127.008540449415491, 37.54457952687607 ], [ 127.008917214753936, 37.544476178118117 ], [ 127.008988072845682, 37.54413492295631 ], [ 127.007265974462243, 37.54385739666624 ], [ 127.005017309749547, 37.54617162818883 ], [ 127.005433915150405, 37.547063596788611 ], [ 127.005330139527473, 37.547348538747279 ], [ 127.006131162993569, 37.548208677669002 ], [ 127.006076538518158, 37.548371137538219 ], [ 127.00569496349442, 37.54828217875658 ], [ 127.00495676065043, 37.5484317130595 ], [ 127.004688543900926, 37.548685124366799 ], [ 127.004574895355418, 37.549800103962127 ], [ 127.004336214223088, 37.550211187076286 ], [ 127.003421342116056, 37.550019465456671 ], [ 127.002827573963273, 37.549632885280708 ], [ 127.002198633773489, 37.549711168687708 ], [ 127.001684090234278, 37.550059736954566 ], [ 127.001109431540428, 37.549897837276035 ], [ 127.000522742223694, 37.550021440753184 ], [ 127.00012420422965, 37.549817587487183 ], [ 126.998325072810005, 37.549695360126222 ], [ 126.997660253014729, 37.54936225286032 ], [ 126.996748278832243, 37.548521198284817 ], [ 126.996697582407933, 37.547816170491807 ], [ 126.996355465774528, 37.547448722712581 ], [ 126.995220168890881, 37.547232429665165 ], [ 126.994459324743957, 37.547488042967117 ], [ 126.994009419689874, 37.548409846532678 ], [ 126.993371958276171, 37.548811024706055 ], [ 126.992960781120814, 37.549517706090647 ], [ 126.992368801604826, 37.55006319379882 ], [ 126.991647272567548, 37.550271345708879 ], [ 126.990764653485371, 37.551080187326825 ], [ 126.990244943170012, 37.551280609326227 ], [ 126.989379222897597, 37.551276577163158 ], [ 126.988655794924213, 37.551552708332565 ], [ 126.987564461756179, 37.551493461395431 ], [ 126.986108115741317, 37.553340869848547 ], [ 126.985418236806666, 37.553705399653822 ], [ 126.984623709451697, 37.553136817681498 ], [ 126.984027818615601, 37.553039036511578 ], [ 126.983309651238315, 37.553357365047205 ], [ 126.982484548579947, 37.553478310037768 ], [ 126.981719320393722, 37.553859411306235 ], [ 126.980890347464708, 37.553868288314519 ], [ 126.980352030621219, 37.553391226699112 ], [ 126.978732000690826, 37.553204537280216 ], [ 126.978795390293044, 37.554087231858013 ], [ 126.97725810135006, 37.555011008752516 ], [ 126.976547879013509, 37.555219214694461 ], [ 126.976428517673682, 37.553088626388309 ], [ 126.975831811186779, 37.55338835675763 ], [ 126.974350649703268, 37.553548239401145 ], [ 126.972412010777745, 37.554651770008874 ], [ 126.972408211042548, 37.554877295955137 ], [ 126.969171685752997, 37.554876174397116 ], [ 126.969183715648029, 37.55566257096433 ], [ 126.967018034966486, 37.55454810887678 ], [ 126.965710034903893, 37.554151842326547 ], [ 126.962342810418292, 37.551548883619517 ], [ 126.962289408970207, 37.552905703775679 ], [ 126.961777271116702, 37.554982036092589 ], [ 126.963436944111521, 37.556853543015436 ], [ 126.96305204319404, 37.557414843089063 ], [ 126.963077985455911, 37.558203226631761 ], [ 126.962804485541099, 37.558066853564753 ], [ 126.962076057972098, 37.558456578866306 ], [ 126.961567481547334, 37.558422341464798 ], [ 126.961672561918959, 37.559025751731141 ], [ 126.963209577066948, 37.559195763584214 ], [ 126.963985063873807, 37.55946293080229 ], [ 126.966837646896934, 37.56127402602344 ], [ 126.969464124436797, 37.561975764928491 ], [ 126.968619735133998, 37.563426458448617 ], [ 126.966698208491763, 37.565819951704597 ], [ 126.969098691348762, 37.568247681783291 ], [ 126.969274538535046, 37.56813397116472 ], [ 126.969424286500555, 37.568276485235231 ], [ 126.96950710344818, 37.56815712677858 ], [ 126.971175528902222, 37.568819235064147 ], [ 126.971512501842227, 37.568710355680167 ], [ 126.971662239683823, 37.568409688835899 ], [ 126.972552017136223, 37.568474664512962 ], [ 126.972418696613701, 37.56883108967704 ], [ 126.972591408016669, 37.569060037162394 ], [ 126.972807053039617, 37.568998462214459 ], [ 126.972879286307176, 37.569192723783161 ], [ 126.973191642110137, 37.569165201874483 ], [ 126.973205201058377, 37.56931894072283 ], [ 126.974204476044207, 37.569340295295198 ], [ 126.974706651991184, 37.569201315866707 ], [ 126.976375262869311, 37.569484368019744 ], [ 126.976444858054464, 37.569236890408213 ], [ 126.977579596575808, 37.56931258369729 ], [ 126.98059860078763, 37.568987963606297 ], [ 126.98232830970538, 37.569045127798816 ], [ 126.986639177868767, 37.568232328645131 ], [ 126.988945300916868, 37.568102800391017 ], [ 126.997342494278712, 37.568766460320902 ], [ 127.00225770946939, 37.56961571318643 ], [ 127.010035379679323, 37.569770828781515 ], [ 127.015298542318817, 37.569704451577991 ], [ 127.017365002052856, 37.570084886778318 ], [ 127.019053531539555, 37.571027838258821 ], [ 127.020754659512605, 37.571715702773112 ], [ 127.0222050813816, 37.572022072676106 ], [ 127.023136826325427, 37.571960809771866 ] ] ] ] } },
{ "type": "Feature", "properties": { "SIG_CD": "11170", "SIG_ENG_NM": "Yongsan-gu", "SIG_KOR_NM": "용산구" }, "geometry": { "type": "MultiPolygon", "coordinates": [ [ [ [ 126.969183437895353, 37.555662570962625 ], [ 126.969171408000321, 37.554876174395403 ], [ 126.972407933289873, 37.554877295953425 ], [ 126.972411733025098, 37.554651770007176 ], [ 126.974350371950592, 37.553548239399468 ], [ 126.975831533434103, 37.553388356755924 ], [ 126.976428239921006, 37.553088626386597 ], [ 126.976547601260833, 37.555219214692755 ], [ 126.977257823597398, 37.555011008750796 ], [ 126.978795112540368, 37.554087231856322 ], [ 126.97873172293815, 37.553204537278503 ], [ 126.980351752868486, 37.553391226697393 ], [ 126.980890069712004, 37.553868288312806 ], [ 126.981719042641046, 37.553859411304529 ], [ 126.982484270827271, 37.55347831003607 ], [ 126.983309373485639, 37.553357365045478 ], [ 126.984027540862925, 37.553039036509865 ], [ 126.984623431699049, 37.553136817679786 ], [ 126.98541795905399, 37.553705399652117 ], [ 126.986107837988669, 37.553340869846821 ], [ 126.987564184003517, 37.551493461393711 ], [ 126.988655517171537, 37.551552708330853 ], [ 126.989378945144921, 37.551276577161438 ], [ 126.990244665417336, 37.551280609324515 ], [ 126.990764375732695, 37.551080187325105 ], [ 126.991646994814872, 37.550271345707152 ], [ 126.99236852385215, 37.550063193797115 ], [ 126.99296050336811, 37.549517706088935 ], [ 126.993371680523495, 37.548811024704349 ], [ 126.994009141937198, 37.548409846530944 ], [ 126.994459046991281, 37.547488042965398 ], [ 126.995219891138206, 37.547232429663445 ], [ 126.996355188021852, 37.547448722710868 ], [ 126.996697304655257, 37.547816170490115 ], [ 126.996748001079538, 37.548521198283098 ], [ 126.997659975262053, 37.549362252858614 ], [ 126.998324795057329, 37.549695360124502 ], [ 127.000123926476974, 37.549817587485499 ], [ 127.000522464471047, 37.550021440751443 ], [ 127.001109153787752, 37.549897837274315 ], [ 127.001683812481602, 37.550059736952832 ], [ 127.002198356020813, 37.549711168685995 ], [ 127.002827296210597, 37.549632885278982 ], [ 127.003421064363394, 37.550019465454945 ], [ 127.00433593647044, 37.550211187074545 ], [ 127.004574617602742, 37.549800103960386 ], [ 127.00468826614825, 37.548685124365079 ], [ 127.004956482897725, 37.548431713057788 ], [ 127.005694685741716, 37.54828217875486 ], [ 127.006076260765454, 37.548371137536513 ], [ 127.006130885240893, 37.548208677667297 ], [ 127.005329861774797, 37.547348538745531 ], [ 127.005433637397729, 37.547063596786913 ], [ 127.005017031996871, 37.546171628187125 ], [ 127.007265696709567, 37.543857396664549 ], [ 127.008998941090454, 37.544136895421445 ], [ 127.009032927998334, 37.542734715323668 ], [ 127.008757046008384, 37.542000144567965 ], [ 127.009209048118379, 37.541274817145471 ], [ 127.009408696750356, 37.540033686790146 ], [ 127.009831346240119, 37.539453923082192 ], [ 127.011482900857203, 37.539008930111201 ], [ 127.01261229897564, 37.539342485042219 ], [ 127.013217400004223, 37.538884605202355 ], [ 127.013873504304101, 37.539068962590832 ], [ 127.014027277274309, 37.538829615692784 ], [ 127.014785890385212, 37.538797439537056 ], [ 127.015031709634229, 37.538270889471363 ], [ 127.015673283742146, 37.538269129457028 ], [ 127.016449156566509, 37.537896248097304 ], [ 127.01753034930438, 37.537652270729737 ], [ 127.017439405636097, 37.533992844884004 ], [ 127.015019650343859, 37.532132315060757 ], [ 127.013344788864757, 37.530549556424084 ], [ 127.006456175207816, 37.523440080643795 ], [ 127.000791706380497, 37.519500858333899 ], [ 126.99068376306252, 37.513095685996831 ], [ 126.985540489167136, 37.506543446867731 ], [ 126.978187833705817, 37.506557144216508 ], [ 126.975247470594951, 37.507018567589469 ], [ 126.970120763450069, 37.509006835902348 ], [ 126.966856999582291, 37.509898748608286 ], [ 126.964974439074425, 37.510818333568011 ], [ 126.962584861819721, 37.512618717054799 ], [ 126.961189655542682, 37.513459266325661 ], [ 126.954708316748977, 37.51603260832352 ], [ 126.949886560961602, 37.517514143292878 ], [ 126.949878409502517, 37.527028649348011 ], [ 126.944585187600879, 37.53378085107682 ], [ 126.944931685127131, 37.534235460652049 ], [ 126.94481992332453, 37.534521751747214 ], [ 126.94509908151133, 37.534964498387254 ], [ 126.945562233610062, 37.534984711770797 ], [ 126.945439575631028, 37.535182872106482 ], [ 126.94641130262977, 37.535739972110647 ], [ 126.947380111277923, 37.535220375925157 ], [ 126.947485042097441, 37.535827747442475 ], [ 126.947845472407423, 37.535618719202432 ], [ 126.948786176526582, 37.535581130062802 ], [ 126.949904054114157, 37.536045491206316 ], [ 126.951286499102963, 37.536289499577116 ], [ 126.953380956427395, 37.537553735186627 ], [ 126.953651304179957, 37.538335456352534 ], [ 126.954095558103404, 37.538932543259719 ], [ 126.955185328782136, 37.539184974466572 ], [ 126.955733740100072, 37.539470685881106 ], [ 126.95663931825402, 37.540591363626348 ], [ 126.956520623164423, 37.540705627370144 ], [ 126.956986451569136, 37.541636925475395 ], [ 126.958175928397296, 37.542312265252519 ], [ 126.958349993595888, 37.542759167051969 ], [ 126.957584487517124, 37.542974275918823 ], [ 126.957407887257673, 37.543226487863059 ], [ 126.957573853361893, 37.544223560409534 ], [ 126.958105928290948, 37.544426759682018 ], [ 126.957819260476356, 37.545142374805607 ], [ 126.957908006574343, 37.545458034020577 ], [ 126.958412942327385, 37.545508062269313 ], [ 126.959316134531392, 37.546043352285579 ], [ 126.960051117178139, 37.546068389927093 ], [ 126.960131572759394, 37.546375313904363 ], [ 126.961076766785851, 37.547419106644107 ], [ 126.96170100237228, 37.547592759615071 ], [ 126.962221961310334, 37.548128456343541 ], [ 126.962240984443952, 37.548623169942793 ], [ 126.963339348712367, 37.548642387906895 ], [ 126.963731096804295, 37.548792583008392 ], [ 126.963898055525377, 37.549762895638423 ], [ 126.963548568418148, 37.549947766251037 ], [ 126.963187141859294, 37.550660837893091 ], [ 126.962342532665645, 37.551548883617841 ], [ 126.965709757151245, 37.554151842324835 ], [ 126.96701775721381, 37.554548108875053 ], [ 126.969183437895353, 37.555662570962625 ] ] ] ] } },
{ "type": "Feature", "properties": { "SIG_CD": "11200", "SIG_ENG_NM": "Seongdong-gu", "SIG_KOR_NM": "성동구" }, "geometry": { "type": "MultiPolygon", "coordinates": [ [ [ [ 127.04341316154634, 37.572337149444351 ], [ 127.047955080000705, 37.570380874650972 ], [ 127.058761159457688, 37.562314256431748 ], [ 127.070856138196376, 37.56058406384625 ], [ 127.073735263963641, 37.559414430556473 ], [ 127.056219054415322, 37.52832385570575 ], [ 127.055127050317296, 37.528667581174176 ], [ 127.046010352782119, 37.534260619724037 ], [ 127.04019288899535, 37.535774372668648 ], [ 127.021173138290536, 37.53582003774261 ], [ 127.017439683388773, 37.533992844885731 ], [ 127.017530627057084, 37.537652270731449 ], [ 127.016449434319185, 37.537896248099038 ], [ 127.015673561494822, 37.53826912945874 ], [ 127.015031987386919, 37.538270889473097 ], [ 127.014786168137888, 37.538797439538783 ], [ 127.014027555026971, 37.538829615694496 ], [ 127.013873782056805, 37.539068962592566 ], [ 127.013217677756899, 37.538884605204075 ], [ 127.01261257672833, 37.539342485043917 ], [ 127.011483178609879, 37.539008930112928 ], [ 127.00992391245461, 37.539395361035531 ], [ 127.00940897450306, 37.540033686791865 ], [ 127.009209325871069, 37.541274817147197 ], [ 127.00875732376106, 37.542000144569677 ], [ 127.00903320575101, 37.542734715325409 ], [ 127.009033330580749, 37.543978372726961 ], [ 127.008917214753936, 37.544476178118117 ], [ 127.008540449415491, 37.54457952687607 ], [ 127.008153294767439, 37.545059895059424 ], [ 127.008712086608568, 37.546015192914574 ], [ 127.00921196674615, 37.54638344174527 ], [ 127.009098705930768, 37.54705158838523 ], [ 127.009323474042375, 37.547475328062774 ], [ 127.009680155365871, 37.547888633767656 ], [ 127.010017161916394, 37.547904089026304 ], [ 127.010588137471075, 37.548268957066583 ], [ 127.010927611242721, 37.548181642463533 ], [ 127.011595305028251, 37.548487924425814 ], [ 127.012166904694382, 37.549415895236272 ], [ 127.013636428800666, 37.550443451036287 ], [ 127.015982886936726, 37.552588950666696 ], [ 127.016162364374395, 37.552610047766834 ], [ 127.016374835745651, 37.553114008355145 ], [ 127.016985890022255, 37.553655650463185 ], [ 127.016858379177847, 37.554471622063367 ], [ 127.017232480347246, 37.554972190136013 ], [ 127.01736088176159, 37.555919338960031 ], [ 127.018040136946595, 37.556847824276794 ], [ 127.019414986481465, 37.557436934413545 ], [ 127.019680725451394, 37.557262885651653 ], [ 127.019577339463794, 37.557495474039861 ], [ 127.020898749856016, 37.557827783879091 ], [ 127.021922546340349, 37.557476504655568 ], [ 127.022554300436624, 37.557828626784797 ], [ 127.022888882974044, 37.557829413635034 ], [ 127.022849599376812, 37.558980146853791 ], [ 127.022411573270304, 37.559041609598978 ], [ 127.023220371171107, 37.559999612096149 ], [ 127.02338965182085, 37.560729661638362 ], [ 127.024494921982679, 37.561857382252086 ], [ 127.025943188881442, 37.562619265323399 ], [ 127.026512886566806, 37.563367534644819 ], [ 127.026749517659553, 37.563893995235958 ], [ 127.026785807204448, 37.565040495765622 ], [ 127.023584604396547, 37.565179105830445 ], [ 127.023391674650085, 37.571907271193943 ], [ 127.024600501395199, 37.571038993408983 ], [ 127.025191359194594, 37.570851353818824 ], [ 127.025723215044707, 37.570903899711368 ], [ 127.026161781505976, 37.571249283755336 ], [ 127.027275947770008, 37.570912860360984 ], [ 127.027676021808873, 37.57041216551746 ], [ 127.030289010795983, 37.569807895765287 ], [ 127.03096462238247, 37.569781546488123 ], [ 127.032567040170491, 37.570236972812012 ], [ 127.034182695780515, 37.571385584697303 ], [ 127.035641082649818, 37.571998402461467 ], [ 127.036737264576871, 37.572239383067256 ], [ 127.038129972775977, 37.572265142105799 ], [ 127.038178452263054, 37.573020830372819 ], [ 127.041907618505562, 37.572968653678807 ], [ 127.04341316154634, 37.572337149444351 ] ] ] ] } },
{ "type": "Feature", "properties": { "SIG_CD": "11215", "SIG_ENG_NM": "Gwangjin-gu", "SIG_KOR_NM": "광진구" }, "geometry": { "type": "MultiPolygon", "coordinates": [ [ [ [ 127.101664641621966, 37.572400658250018 ], [ 127.102237908211436, 37.572155210155394 ], [ 127.103129689762355, 37.572279457997105 ], [ 127.104230197201858, 37.571387654449978 ], [ 127.103853478759476, 37.570493751482005 ], [ 127.103455457263749, 37.570050080099946 ], [ 127.10238671225828, 37.565637003775386 ], [ 127.102234070447665, 37.564310987221475 ], [ 127.101624682330268, 37.563290577237431 ], [ 127.101667479326238, 37.562632539851137 ], [ 127.101204685314286, 37.561579900727367 ], [ 127.101122093840075, 37.561050639386998 ], [ 127.101277470020051, 37.560465991541797 ], [ 127.10185922438977, 37.559493826786557 ], [ 127.102706368927798, 37.559019246536074 ], [ 127.102853599191278, 37.558707999632574 ], [ 127.104276477968227, 37.557563927846381 ], [ 127.104929020469186, 37.556421633096704 ], [ 127.105403698985228, 37.55633533408993 ], [ 127.106395911776588, 37.556461721777616 ], [ 127.107519019185474, 37.557606669572323 ], [ 127.108543108543415, 37.558245439305075 ], [ 127.10952854172082, 37.558554266114548 ], [ 127.110349871603333, 37.558253365356514 ], [ 127.11142190364788, 37.558515632488223 ], [ 127.11229726480029, 37.559000501777774 ], [ 127.113863387431223, 37.558429425626947 ], [ 127.113565961284721, 37.557962608307982 ], [ 127.113314388179788, 37.55683041105808 ], [ 127.115252303224011, 37.556759823855906 ], [ 127.114095114401763, 37.554086569769545 ], [ 127.111553818218624, 37.550507078240962 ], [ 127.111465384461624, 37.54694293084188 ], [ 127.108451520442571, 37.542041772680534 ], [ 127.108283004713059, 37.54140813136042 ], [ 127.090141974145453, 37.527007534980477 ], [ 127.085633019794642, 37.524760598316085 ], [ 127.079975704917572, 37.522950671892758 ], [ 127.076941254053168, 37.522515107322299 ], [ 127.074318748422769, 37.522870105092188 ], [ 127.072055202685959, 37.523415175006811 ], [ 127.068663316576902, 37.523871586768458 ], [ 127.067456714062999, 37.524613623158061 ], [ 127.066463622665381, 37.524960209466144 ], [ 127.065456009688432, 37.525070284144839 ], [ 127.060156199508981, 37.527090703594773 ], [ 127.056218776675792, 37.528323855704144 ], [ 127.073734986224096, 37.559414430554853 ], [ 127.072384087185611, 37.559962600126113 ], [ 127.074093167614549, 37.564589546160605 ], [ 127.076879137225546, 37.56793018845827 ], [ 127.078201684582282, 37.571869753076683 ], [ 127.083328611239111, 37.571369921694064 ], [ 127.086170558022516, 37.570831722058365 ], [ 127.088177070354888, 37.570846448074349 ], [ 127.08839590906814, 37.570181547549524 ], [ 127.09050481806959, 37.569696073191281 ], [ 127.094004962182098, 37.570626330566412 ], [ 127.094795012168589, 37.570755784612487 ], [ 127.095611448246871, 37.570622241093268 ], [ 127.095897336878053, 37.571386726088178 ], [ 127.096384921460611, 37.571352548279755 ], [ 127.098322749982088, 37.572337556501211 ], [ 127.098575884279541, 37.572634953791564 ], [ 127.099474895115478, 37.572747681639804 ], [ 127.100887864809692, 37.573763490109691 ], [ 127.100935613243166, 37.573355194625194 ], [ 127.101664641621966, 37.572400658250018 ] ] ] ] } },
{ "type": "Feature", "properties": { "SIG_CD": "11230", "SIG_ENG_NM": "Dongdaemun-gu", "SIG_KOR_NM": "동대문구" }, "geometry": { "type": "MultiPolygon", "coordinates": [ [ [ [ 127.0710794642156, 37.607321718644833 ], [ 127.071531890426087, 37.604639055617888 ], [ 127.07241019086284, 37.602875704752712 ], [ 127.072875419493812, 37.601072053044064 ], [ 127.072004231184181, 37.599632688267782 ], [ 127.069838555151932, 37.59772866999409 ], [ 127.069489730899448, 37.597243745756039 ], [ 127.069434546571259, 37.59512055507885 ], [ 127.070443817682118, 37.592906360117269 ], [ 127.070723651930905, 37.591891183402744 ], [ 127.07060371683184, 37.590955355953504 ], [ 127.070229866501791, 37.589957454294677 ], [ 127.070302529074539, 37.589533669810791 ], [ 127.070605943413113, 37.589150285738697 ], [ 127.071038482135521, 37.58895829319966 ], [ 127.072384384179344, 37.586672928051797 ], [ 127.072642505110707, 37.586509189928194 ], [ 127.072160918746604, 37.584955567567668 ], [ 127.074828502468065, 37.581788940288178 ], [ 127.075250844831714, 37.580989331428739 ], [ 127.075819147055512, 37.580937736038514 ], [ 127.076180950784732, 37.580295555115249 ], [ 127.076456840620082, 37.579343713522178 ], [ 127.077231114122654, 37.572920309342464 ], [ 127.078225852932192, 37.57188663107469 ], [ 127.076879414965063, 37.567930188459883 ], [ 127.074093445354123, 37.564589546162225 ], [ 127.072384364925156, 37.559962600127726 ], [ 127.070856138196376, 37.56058406384625 ], [ 127.058761159457688, 37.562314256431748 ], [ 127.047955080000705, 37.570380874650972 ], [ 127.041907618505562, 37.572968653678807 ], [ 127.038178452263054, 37.573020830372819 ], [ 127.038129972775977, 37.572265142105799 ], [ 127.036737264576871, 37.572239383067256 ], [ 127.035641082649818, 37.571998402461467 ], [ 127.034182684460845, 37.57138558470043 ], [ 127.032567040170491, 37.570236972812012 ], [ 127.03096462238247, 37.569781546488123 ], [ 127.030289010795983, 37.569807895765287 ], [ 127.027676021808873, 37.57041216551746 ], [ 127.027275947770008, 37.570912860360984 ], [ 127.026161781505976, 37.571249283755336 ], [ 127.025723215044707, 37.570903899711368 ], [ 127.025191359194594, 37.570851353818824 ], [ 127.024600501395199, 37.571038993408983 ], [ 127.023365324367305, 37.571914312786596 ], [ 127.023138747960743, 37.578021074705383 ], [ 127.023268870707824, 37.578382013116332 ], [ 127.029551535142545, 37.582691628889584 ], [ 127.030978823075074, 37.584280386213706 ], [ 127.031638921611474, 37.585357185860182 ], [ 127.032297479266859, 37.585670108486795 ], [ 127.032069355564175, 37.585863032710137 ], [ 127.033033023858025, 37.586449266879121 ], [ 127.033881747354343, 37.587515299366657 ], [ 127.035543014662025, 37.588930496169731 ], [ 127.036331357404109, 37.590130828776132 ], [ 127.036216154052113, 37.591186150135449 ], [ 127.038744334456226, 37.591281109568982 ], [ 127.040642860554115, 37.595408688822694 ], [ 127.040759393342313, 37.595288422828595 ], [ 127.041079602852847, 37.595563963003805 ], [ 127.041388624249635, 37.595494285045483 ], [ 127.041839981854537, 37.596458490896623 ], [ 127.043024447111065, 37.596965172075421 ], [ 127.043714321216186, 37.596262394332129 ], [ 127.044117554554376, 37.596392657908666 ], [ 127.044785314683921, 37.596363042959723 ], [ 127.0455152482388, 37.59661682357121 ], [ 127.046189623591843, 37.596190855404004 ], [ 127.046755874682589, 37.596043382941801 ], [ 127.047305839343281, 37.596152703509148 ], [ 127.047455741803077, 37.59650796628199 ], [ 127.047817367362242, 37.596763199853854 ], [ 127.047954795320379, 37.597264876706774 ], [ 127.049056384420737, 37.598133896454129 ], [ 127.049128428928256, 37.598743049428776 ], [ 127.049745675478817, 37.599757135004722 ], [ 127.05043787610758, 37.600105377534625 ], [ 127.05040285430195, 37.600577822615762 ], [ 127.051015581380824, 37.601096758822337 ], [ 127.05120246936535, 37.601156091132175 ], [ 127.051686854574399, 37.600776347092221 ], [ 127.052084539592457, 37.600148020893215 ], [ 127.053623250744252, 37.600479589260281 ], [ 127.0538893246285, 37.600420348986837 ], [ 127.053824692681516, 37.600606484739643 ], [ 127.054236637907437, 37.600651629935925 ], [ 127.055075465072818, 37.601340504412846 ], [ 127.055402752732334, 37.601020785755161 ], [ 127.05733088435835, 37.601526413475028 ], [ 127.057324788259834, 37.601172780498601 ], [ 127.059158681614377, 37.601057303150867 ], [ 127.059341149615918, 37.601352574182528 ], [ 127.06017694335587, 37.601699319559707 ], [ 127.059925080037857, 37.602277758397861 ], [ 127.060169247972013, 37.603162852981207 ], [ 127.060427598873346, 37.603414440888862 ], [ 127.060765090137338, 37.603483809814463 ], [ 127.061488181283238, 37.604469182739187 ], [ 127.062178482364217, 37.604937061607771 ], [ 127.062188011978179, 37.605125136805505 ], [ 127.063665629892057, 37.605243748211578 ], [ 127.064983701953579, 37.605834307531197 ], [ 127.065517617254486, 37.605482356798937 ], [ 127.066193655766881, 37.605578005989194 ], [ 127.06679273037372, 37.606099110727008 ], [ 127.067687402849685, 37.606513352710749 ], [ 127.068607674269785, 37.606631366424004 ], [ 127.069765345072852, 37.607259417073756 ], [ 127.070121187072473, 37.607255552792097 ], [ 127.070370850418712, 37.607036360636549 ], [ 127.070670034868897, 37.607561566413246 ], [ 127.071060984248149, 37.607628631060656 ], [ 127.0710794642156, 37.607321718644833 ] ] ] ] } },
{ "type": "Feature", "properties": { "SIG_CD": "11260", "SIG_ENG_NM": "Jungnang-gu", "SIG_KOR_NM": "중랑구" }, "geometry": { "type": "MultiPolygon", "coordinates": [ [ [ [ 127.111305043020948, 37.620691840346034 ], [ 127.112142861023031, 37.6203070152999 ], [ 127.115021064578102, 37.619537602355706 ], [ 127.115714987943946, 37.619634355875455 ], [ 127.116203088270098, 37.61893309131208 ], [ 127.115873008882218, 37.618583155618289 ], [ 127.117146741830965, 37.617888439110288 ], [ 127.117009654942578, 37.617368536566858 ], [ 127.117255025740576, 37.616734231291879 ], [ 127.116671666237963, 37.616015423131692 ], [ 127.116796216351105, 37.614954676232067 ], [ 127.116675440538742, 37.614672958380169 ], [ 127.117060767140103, 37.61414438181702 ], [ 127.117483058008048, 37.611771288375422 ], [ 127.116787939717327, 37.610281971597672 ], [ 127.116878233663115, 37.609509021514 ], [ 127.116697776239661, 37.608849219779174 ], [ 127.118032589640734, 37.608173587916809 ], [ 127.118476928775209, 37.607612845920457 ], [ 127.118060903292971, 37.606591489986343 ], [ 127.118047007720492, 37.604602297469711 ], [ 127.117377117836838, 37.603937076979896 ], [ 127.116871808492846, 37.603052645016767 ], [ 127.115722700817301, 37.602108568701148 ], [ 127.114964233311483, 37.600766277254124 ], [ 127.114022245495903, 37.599966430316954 ], [ 127.114063858261275, 37.599520962669473 ], [ 127.116877481038614, 37.595497049650334 ], [ 127.116664484657704, 37.594016544887054 ], [ 127.115413246768696, 37.593530948202961 ], [ 127.113337368711726, 37.593259817649255 ], [ 127.110675257282395, 37.589155793988304 ], [ 127.110154401185326, 37.587430041672953 ], [ 127.109986934185201, 37.586016216784635 ], [ 127.109380008642916, 37.584560555469309 ], [ 127.109376491405015, 37.584092325575668 ], [ 127.108966655867178, 37.583379226915639 ], [ 127.107810267505997, 37.582875730850553 ], [ 127.107241287779701, 37.582314810566878 ], [ 127.10599453321133, 37.581936938883132 ], [ 127.103440464985923, 37.580595297035195 ], [ 127.102894343988723, 37.579906792219262 ], [ 127.10302530575693, 37.578906873308163 ], [ 127.101957566234518, 37.577552360626001 ], [ 127.101143510575383, 37.576070927396351 ], [ 127.101248443763893, 37.57516619398821 ], [ 127.100902317483289, 37.574391637102444 ], [ 127.10094914232468, 37.573824822768159 ], [ 127.099474895115478, 37.572747681639804 ], [ 127.098575884279541, 37.572634953791564 ], [ 127.098322749982088, 37.572337556501211 ], [ 127.096384921460611, 37.571352548279755 ], [ 127.095897336878053, 37.571386726088178 ], [ 127.095611448246871, 37.570622241093268 ], [ 127.094795012168589, 37.570755784612487 ], [ 127.094004962182098, 37.570626330566412 ], [ 127.090504814174821, 37.569696075572772 ], [ 127.08839590906814, 37.570181547549524 ], [ 127.088177070354888, 37.570846448074349 ], [ 127.086170558022516, 37.570831722058365 ], [ 127.083328611239111, 37.571369921694064 ], [ 127.078223277289368, 37.571886632566013 ], [ 127.07722995543007, 37.572922283068124 ], [ 127.076456562880566, 37.579343713520551 ], [ 127.07618067304513, 37.580295555113629 ], [ 127.075818869315938, 37.580937736036866 ], [ 127.075250567092141, 37.580989331427126 ], [ 127.074828224728492, 37.581788940286543 ], [ 127.072160641007059, 37.584955567566055 ], [ 127.072642227371162, 37.586509189926581 ], [ 127.072384106439799, 37.586672928050177 ], [ 127.071038204396004, 37.588958293198047 ], [ 127.070602305279536, 37.589152819471316 ], [ 127.07030137155428, 37.589537328320269 ], [ 127.070229759891149, 37.589958859729727 ], [ 127.070604506540491, 37.59095873401948 ], [ 127.070723374191331, 37.591891183401103 ], [ 127.070443539942602, 37.59290636011567 ], [ 127.069434268831714, 37.595120555077266 ], [ 127.069489453159903, 37.597243745754419 ], [ 127.06983827741233, 37.597728669992478 ], [ 127.072003953444636, 37.599632688266169 ], [ 127.072875141754253, 37.601072053042429 ], [ 127.072409913123266, 37.602875704751092 ], [ 127.071531612686513, 37.604639055616254 ], [ 127.071079186476069, 37.607321718643192 ], [ 127.071731945738989, 37.613506012371261 ], [ 127.071064688816207, 37.614752013763159 ], [ 127.070140205098582, 37.615352265838688 ], [ 127.070193747155386, 37.615453595041899 ], [ 127.071120848688892, 37.615947753454492 ], [ 127.071090112041063, 37.616206515231355 ], [ 127.071385496580405, 37.616402592352834 ], [ 127.075541118939682, 37.617164198729654 ], [ 127.077493868418671, 37.617832503411535 ], [ 127.077573063420004, 37.617742345345476 ], [ 127.077697108932682, 37.61790473013582 ], [ 127.079113802235213, 37.618390336579878 ], [ 127.080078601823828, 37.618623673862579 ], [ 127.080069529523428, 37.618419544786825 ], [ 127.080437184166158, 37.618482656440868 ], [ 127.08140142916379, 37.619187862676299 ], [ 127.082787259574388, 37.619402872427642 ], [ 127.08494227897468, 37.620095402724544 ], [ 127.086065997185941, 37.62029309793072 ], [ 127.086983950910849, 37.620231341260329 ], [ 127.088231814363894, 37.619876796285482 ], [ 127.088708153594311, 37.620239936713936 ], [ 127.089455924005875, 37.619646708186181 ], [ 127.091383680267242, 37.618957690998421 ], [ 127.092331042839845, 37.618348524831944 ], [ 127.093209517735318, 37.61802039329104 ], [ 127.093653618346337, 37.618068475107769 ], [ 127.094449774736674, 37.618997554359339 ], [ 127.095547287409715, 37.619174340278072 ], [ 127.096195738341976, 37.61902066422094 ], [ 127.096650918276936, 37.619561724156853 ], [ 127.098816854790797, 37.620393932405676 ], [ 127.100870699994118, 37.619404233554654 ], [ 127.101674821015038, 37.619471694971473 ], [ 127.101693266871237, 37.620024655800037 ], [ 127.103388404499427, 37.620268163142427 ], [ 127.103797554224002, 37.620238806706638 ], [ 127.104052314175604, 37.620043181107491 ], [ 127.104916532169213, 37.620043274000743 ], [ 127.105555911800593, 37.620370722819608 ], [ 127.105564278819841, 37.620156732714584 ], [ 127.106435791315292, 37.620558870325169 ], [ 127.109127862471865, 37.620514775950745 ], [ 127.110018197851602, 37.620704013425005 ], [ 127.110519051401653, 37.621054654689964 ], [ 127.111305043020948, 37.620691840346034 ] ] ] ] } },
{ "type": "Feature", "properties": { "SIG_CD": "11290", "SIG_ENG_NM": "Seongbuk-gu", "SIG_KOR_NM": "성북구" }, "geometry": { "type": "MultiPolygon", "coordinates": [ [ [ [ 127.010591132532355, 37.580253773768526 ], [ 127.00864326221884, 37.580468252047105 ], [ 127.008327187389568, 37.58105693012449 ], [ 127.0067531093691, 37.582336410806384 ], [ 127.007270773798609, 37.583333102510885 ], [ 127.006889304948245, 37.584703465886392 ], [ 127.006901630507357, 37.585280555671076 ], [ 127.00655088897183, 37.585545857349338 ], [ 127.006626059986132, 37.586124998631519 ], [ 127.00586630878388, 37.586972018446914 ], [ 127.004251593214548, 37.587176590539812 ], [ 127.004080932469876, 37.587733691605301 ], [ 127.003891638220665, 37.587747489645238 ], [ 127.003988064003764, 37.58794457819252 ], [ 127.003517305208831, 37.588145335615287 ], [ 127.003393485017, 37.588569079983351 ], [ 127.002216677970267, 37.589172194201261 ], [ 127.002005813900027, 37.589684351177013 ], [ 127.001468519217482, 37.590149197324173 ], [ 127.001463219986348, 37.59055126181908 ], [ 127.001783083855386, 37.591018647404461 ], [ 127.001732302821338, 37.591352291165713 ], [ 127.000953329365998, 37.59230086464747 ], [ 126.999452355474403, 37.592229327746075 ], [ 126.998468676422235, 37.592471166713736 ], [ 126.996413774733426, 37.592101412734003 ], [ 126.995361804781751, 37.592279865607495 ], [ 126.99431435377781, 37.591454846768585 ], [ 126.993824466856296, 37.591447770148385 ], [ 126.993564014816485, 37.591730725138063 ], [ 126.992159781438019, 37.591994718757569 ], [ 126.991432202344072, 37.591409018797201 ], [ 126.990970072462133, 37.591530052722547 ], [ 126.989867182586323, 37.591469132535799 ], [ 126.989222004955977, 37.591257335677895 ], [ 126.988517050152268, 37.591941440855898 ], [ 126.987755004153925, 37.59225501421831 ], [ 126.987172673494186, 37.592718104982659 ], [ 126.986698170449216, 37.592749580812828 ], [ 126.985778921666011, 37.594254952632184 ], [ 126.985429459709138, 37.594449455039381 ], [ 126.983844052613264, 37.594435434208897 ], [ 126.98346695436264, 37.594684553328925 ], [ 126.982920599377167, 37.594775981467009 ], [ 126.982480823843147, 37.595196553816244 ], [ 126.981488234847575, 37.595335762770688 ], [ 126.980910427610084, 37.595838808827423 ], [ 126.980261430789525, 37.595953289881081 ], [ 126.978740176738654, 37.596634933805852 ], [ 126.978571874847106, 37.596785816002672 ], [ 126.978571018279723, 37.597252074961681 ], [ 126.977953566288363, 37.597683866887728 ], [ 126.976905235950483, 37.597716313585941 ], [ 126.976718683925654, 37.597906039720506 ], [ 126.977414715558822, 37.59910083409499 ], [ 126.977682764615196, 37.600229928861914 ], [ 126.97793540192913, 37.600306851509778 ], [ 126.978502103481375, 37.60100015287464 ], [ 126.979208083482604, 37.601040832684859 ], [ 126.982565904868679, 37.602257746868602 ], [ 126.982847274943666, 37.602144042610739 ], [ 126.983981585528795, 37.603207655806159 ], [ 126.98434114625023, 37.603120709780548 ], [ 126.984738159398248, 37.603371915872714 ], [ 126.985756815219602, 37.603451739238196 ], [ 126.986666208311107, 37.604016944589738 ], [ 126.986787136940563, 37.6045105270885 ], [ 126.98675533141062, 37.606087242588217 ], [ 126.986308976224336, 37.606508395178672 ], [ 126.986374192715616, 37.606863444667844 ], [ 126.986112022732556, 37.607391052981967 ], [ 126.986703051536111, 37.608277469868227 ], [ 126.986834058779337, 37.60886959362842 ], [ 126.985872515548806, 37.609463559545965 ], [ 126.985647899071012, 37.611379242033884 ], [ 126.986138251061959, 37.613223498921592 ], [ 126.986584412043271, 37.613978974973584 ], [ 126.984543124236197, 37.615998869706473 ], [ 126.984399225592909, 37.616873079636449 ], [ 126.983722952996132, 37.617769734688885 ], [ 126.983163514739473, 37.619252608868344 ], [ 126.983174779108722, 37.62019863996845 ], [ 126.983648170002667, 37.621147273562805 ], [ 126.981830201189368, 37.624323217561226 ], [ 126.980908649335447, 37.625390162337411 ], [ 126.979603529126891, 37.626375094042977 ], [ 126.979867838596519, 37.627451813006516 ], [ 126.980185955496083, 37.627928263650922 ], [ 126.979930003802565, 37.628561154855241 ], [ 126.979528271778378, 37.628893037346515 ], [ 126.978418682592903, 37.629289247026094 ], [ 126.974956704199514, 37.628999646606623 ], [ 126.974670928238353, 37.629740916319669 ], [ 126.9753650087073, 37.631695637222933 ], [ 126.976224218107646, 37.632231618407864 ], [ 126.977006019600111, 37.632968900833355 ], [ 126.977331710225258, 37.633583038776401 ], [ 126.977804765229763, 37.633910586309561 ], [ 126.97965239185244, 37.634206581155823 ], [ 126.980606885509488, 37.634815752291985 ], [ 126.981415678261087, 37.634829686849983 ], [ 126.98151360362391, 37.634721027527199 ], [ 126.982515971419545, 37.635786032033714 ], [ 126.982787871530974, 37.635809446881026 ], [ 126.983706646208034, 37.636456887670029 ], [ 126.985917979287066, 37.635788783396251 ], [ 126.987429547462895, 37.634962614663557 ], [ 126.988179314029594, 37.634488841437943 ], [ 126.988572422847326, 37.633792312017825 ], [ 126.988737201897592, 37.633941558998607 ], [ 126.989400473465494, 37.634036231700271 ], [ 126.989847703806973, 37.633451767196469 ], [ 126.989934019384194, 37.632798566452095 ], [ 126.991367691250716, 37.632610339993974 ], [ 126.993722101174995, 37.631448256896093 ], [ 126.994257092322215, 37.630846887836178 ], [ 126.995389124682148, 37.630246395744415 ], [ 126.996041286205497, 37.629346566249723 ], [ 126.996504183665749, 37.629086996801384 ], [ 126.996777859463876, 37.628662421794616 ], [ 126.997563794830555, 37.628056542378715 ], [ 126.997895171119197, 37.627538210737264 ], [ 126.999267505573044, 37.626192965778301 ], [ 127.000204017380256, 37.625814856918829 ], [ 127.001761784736431, 37.625644795144908 ], [ 127.002134719337207, 37.625429405646031 ], [ 127.002977224705603, 37.625272294463613 ], [ 127.003516884208807, 37.624928220509794 ], [ 127.003886781568113, 37.624226296504531 ], [ 127.004561836265722, 37.624079313236088 ], [ 127.004880233382636, 37.623823642602304 ], [ 127.005183255503781, 37.62400299161667 ], [ 127.00556537319558, 37.62384586629819 ], [ 127.005714418107544, 37.623981575668623 ], [ 127.007329851090134, 37.624132421301105 ], [ 127.007856226157088, 37.62402173589156 ], [ 127.007787637474692, 37.622943663199763 ], [ 127.007554157986789, 37.62269140100333 ], [ 127.007628815417704, 37.622255827427409 ], [ 127.007444355550774, 37.621763397203473 ], [ 127.007582560868542, 37.621497601068775 ], [ 127.007203763246025, 37.620861302705279 ], [ 127.007324621708079, 37.620686731911903 ], [ 127.007214350183943, 37.620512451671004 ], [ 127.007864017124732, 37.619860054758547 ], [ 127.007751962669815, 37.619631157661878 ], [ 127.008404801046524, 37.619111931427597 ], [ 127.008553255099429, 37.618672136083973 ], [ 127.009074600805064, 37.618285520144035 ], [ 127.009538457346636, 37.618208347584272 ], [ 127.010053761482851, 37.61765758704307 ], [ 127.010135962310628, 37.616801928679408 ], [ 127.010937952139074, 37.616288029025796 ], [ 127.01140996677124, 37.616427642450155 ], [ 127.011814691905741, 37.61631694937148 ], [ 127.012092507746544, 37.615999617359407 ], [ 127.013620765868822, 37.615418337839145 ], [ 127.014447109164237, 37.614682536112419 ], [ 127.015254451565582, 37.614674561336408 ], [ 127.016534729863096, 37.614942167975862 ], [ 127.017557207122323, 37.614624437626574 ], [ 127.01847213977922, 37.613833987075743 ], [ 127.019228158730556, 37.613797827802358 ], [ 127.019522342104253, 37.613327020571703 ], [ 127.020338047884294, 37.612858950639648 ], [ 127.020397805297776, 37.612597088867105 ], [ 127.021911505626193, 37.612326551613279 ], [ 127.022135995017706, 37.611381319898541 ], [ 127.022501766364144, 37.611367461410708 ], [ 127.024564881519041, 37.6121413531272 ], [ 127.025181034194233, 37.612013967570412 ], [ 127.025744714565704, 37.612137747184967 ], [ 127.0260376226814, 37.612239885030824 ], [ 127.026433827571481, 37.612693959778014 ], [ 127.030180459109616, 37.612361710414774 ], [ 127.03034497554701, 37.611297385902837 ], [ 127.030259489803427, 37.608973720623759 ], [ 127.03273905081771, 37.610275856524773 ], [ 127.036003390378596, 37.612410553614829 ], [ 127.036766294540001, 37.612421022892427 ], [ 127.037504144763417, 37.612945910207131 ], [ 127.037909617895664, 37.613767922300376 ], [ 127.03899252346821, 37.61452920984226 ], [ 127.039879454494468, 37.615432716993283 ], [ 127.040051158280079, 37.616216514447387 ], [ 127.040523653857989, 37.616154416803475 ], [ 127.043947769916542, 37.618643311756273 ], [ 127.044679174410717, 37.619443513564725 ], [ 127.045705918903082, 37.621362789017617 ], [ 127.046527915511433, 37.622325112403395 ], [ 127.049736933869482, 37.624266303123804 ], [ 127.052111540483395, 37.622242330200265 ], [ 127.054408366705147, 37.619795892108108 ], [ 127.055933515771486, 37.618915454535411 ], [ 127.057420676377731, 37.617479668736323 ], [ 127.060666449882888, 37.615664853940423 ], [ 127.061092180581866, 37.614934980411398 ], [ 127.061748059676034, 37.61449781588643 ], [ 127.063285049562964, 37.614269812103466 ], [ 127.064858208423516, 37.614766202698682 ], [ 127.069663532902325, 37.615725890640576 ], [ 127.071064966555724, 37.614752013764772 ], [ 127.071620515400724, 37.61384450530754 ], [ 127.071656858233467, 37.612406580775932 ], [ 127.071060984248149, 37.607628631060656 ], [ 127.070670034868897, 37.607561566413246 ], [ 127.070370850418712, 37.607036360636549 ], [ 127.070121187072473, 37.607255552792097 ], [ 127.069774192792792, 37.607262511335904 ], [ 127.068607674269785, 37.606631366424004 ], [ 127.067687402849685, 37.606513352710749 ], [ 127.06679273037372, 37.606099110727008 ], [ 127.066193655766881, 37.605578005989194 ], [ 127.065517617254486, 37.605482356798937 ], [ 127.064983701953579, 37.605834307531197 ], [ 127.063665629892057, 37.605243748211578 ], [ 127.062188011978179, 37.605125136805505 ], [ 127.062180953437959, 37.604939871403189 ], [ 127.061488181283238, 37.604469182739187 ], [ 127.060765090137338, 37.603483809814463 ], [ 127.060427598873346, 37.603414440888862 ], [ 127.060169247972013, 37.603162852981207 ], [ 127.059925080037857, 37.602277758397861 ], [ 127.06017694335587, 37.601699319559707 ], [ 127.059341149615918, 37.601352574182528 ], [ 127.059158681614377, 37.601057303150867 ], [ 127.057324788259834, 37.601172780498601 ], [ 127.05733088435835, 37.601526413475028 ], [ 127.055402752732334, 37.601020785755161 ], [ 127.055075465072818, 37.601340504412846 ], [ 127.054236637907437, 37.600651629935925 ], [ 127.053824692681516, 37.600606484739643 ], [ 127.0538893246285, 37.600420348986837 ], [ 127.053623250744252, 37.600479589260281 ], [ 127.052084539592457, 37.600148020893215 ], [ 127.051686854574399, 37.600776347092221 ], [ 127.05120246936535, 37.601156091132175 ], [ 127.051015581380824, 37.601096758822337 ], [ 127.05040285430195, 37.600577822615762 ], [ 127.05043787610758, 37.600105377534625 ], [ 127.049745675478817, 37.599757135004722 ], [ 127.049128428928256, 37.598743049428776 ], [ 127.049056384420737, 37.598133896454129 ], [ 127.047954795320379, 37.597264876706774 ], [ 127.047817367362242, 37.596763199853854 ], [ 127.047455741803077, 37.59650796628199 ], [ 127.047301772691057, 37.596150173321718 ], [ 127.04676915633145, 37.596042251621114 ], [ 127.046189623591843, 37.596190855404004 ], [ 127.0455152482388, 37.59661682357121 ], [ 127.044785314683921, 37.596363042959723 ], [ 127.044117554554376, 37.596392657908666 ], [ 127.043714321216186, 37.596262394332129 ], [ 127.043024447111065, 37.596965172075421 ], [ 127.041842111576884, 37.596460184018774 ], [ 127.041388624249635, 37.595494285045483 ], [ 127.041079602852847, 37.595563963003805 ], [ 127.040764533814283, 37.595287862509515 ], [ 127.040642860554115, 37.595408688822694 ], [ 127.038744334456226, 37.591281109568982 ], [ 127.036216154052113, 37.591186150135449 ], [ 127.036331357404109, 37.590130828776132 ], [ 127.035543014662025, 37.588930496169731 ], [ 127.033881747354343, 37.587515299366657 ], [ 127.033033023858025, 37.586449266879121 ], [ 127.032069355564175, 37.585863032710137 ], [ 127.032297479266859, 37.585670108486795 ], [ 127.031638921611474, 37.585357185860182 ], [ 127.030978823075074, 37.584280386213706 ], [ 127.029551535142545, 37.582691628889584 ], [ 127.023304080091023, 37.578427614570892 ], [ 127.022976308854879, 37.57782739218564 ], [ 127.022530110488077, 37.578084253667896 ], [ 127.022757296897808, 37.578334804454002 ], [ 127.021825066692514, 37.578862045679408 ], [ 127.021480145595376, 37.578864356969255 ], [ 127.019371280774024, 37.578080268660827 ], [ 127.019501789273932, 37.577907935135492 ], [ 127.018772400942552, 37.5775180878844 ], [ 127.018417954029729, 37.577670739290596 ], [ 127.018107330091638, 37.577578441205652 ], [ 127.017694770443143, 37.578138795104842 ], [ 127.018152310980625, 37.578615128248032 ], [ 127.018279581038698, 37.579029005488863 ], [ 127.017972260203962, 37.579515860770975 ], [ 127.017577487998224, 37.579719195706424 ], [ 127.017277308419153, 37.580552648608084 ], [ 127.016868402305917, 37.580876778259977 ], [ 127.016683359079607, 37.581714160781004 ], [ 127.016357748223413, 37.581935781687179 ], [ 127.015374193169407, 37.581820746173975 ], [ 127.014810701263002, 37.582329588823718 ], [ 127.01422123698606, 37.582077377605764 ], [ 127.014081621074254, 37.581796113675971 ], [ 127.01319532514357, 37.581420322224467 ], [ 127.012853371201359, 37.581359538978468 ], [ 127.011760906344833, 37.581560387551583 ], [ 127.0111144791085, 37.581044068617025 ], [ 127.010591132532355, 37.580253773768526 ] ] ] ] } },
{ "type": "Feature", "properties": { "SIG_CD": "11305", "SIG_ENG_NM": "Gangbuk-gu", "SIG_KOR_NM": "강북구" }, "geometry": { "type": "MultiPolygon", "coordinates": [ [ [ [ 127.004566699284055, 37.685079809890603 ], [ 127.005529440769678, 37.684865242063516 ], [ 127.006050767180113, 37.685053859353701 ], [ 127.0076621579951, 37.684468155759411 ], [ 127.008663514527413, 37.684449521372862 ], [ 127.008418774573144, 37.683216053290117 ], [ 127.009034693309616, 37.681640722463037 ], [ 127.008899958780376, 37.680594478511161 ], [ 127.009383422329847, 37.679590990765469 ], [ 127.012133052923559, 37.67909777304201 ], [ 127.013310730594938, 37.677829544105322 ], [ 127.013980997423189, 37.67588309735617 ], [ 127.013906144150454, 37.675239757349445 ], [ 127.014572904081803, 37.674784694683929 ], [ 127.015117066890895, 37.67415423217841 ], [ 127.016221325598039, 37.673932514686982 ], [ 127.016685679202169, 37.672906473950107 ], [ 127.017298740736067, 37.672448023942025 ], [ 127.017365332803138, 37.67164361794547 ], [ 127.017865847951668, 37.670875191374797 ], [ 127.018248353610687, 37.670687618352531 ], [ 127.018707096999677, 37.670855079234848 ], [ 127.018405929230795, 37.668887903059542 ], [ 127.01745525865617, 37.668121082175027 ], [ 127.016600352750544, 37.667883283644642 ], [ 127.016223411202503, 37.667496471454719 ], [ 127.01637374602268, 37.667370325412151 ], [ 127.015787668650503, 37.667033650063338 ], [ 127.015748608560457, 37.666545165184544 ], [ 127.015470132928399, 37.666076404078645 ], [ 127.015374229466303, 37.665554418506808 ], [ 127.01579258403352, 37.664942553682415 ], [ 127.015332155892295, 37.664075421536253 ], [ 127.015366444783027, 37.663671952551361 ], [ 127.01595128991373, 37.663292905933133 ], [ 127.015979873459486, 37.662768085264837 ], [ 127.016176215560975, 37.662538871338036 ], [ 127.016652517097413, 37.662207144739426 ], [ 127.016943111124235, 37.662230703612899 ], [ 127.016499576282342, 37.661662075078866 ], [ 127.015880789568399, 37.661323160584843 ], [ 127.015238874508029, 37.661400099059179 ], [ 127.01452143613507, 37.662015662590299 ], [ 127.014659122320353, 37.661482378918322 ], [ 127.014570044587217, 37.660458657099653 ], [ 127.01437612045693, 37.660379284553784 ], [ 127.014024248208344, 37.659227201640633 ], [ 127.012444045393593, 37.652183699643032 ], [ 127.012905068691097, 37.650746888509865 ], [ 127.013140512242316, 37.650488393679225 ], [ 127.013677882811578, 37.65049509684971 ], [ 127.013995661322966, 37.650253205746296 ], [ 127.014298891457273, 37.650297888750202 ], [ 127.014676416608651, 37.649596203427052 ], [ 127.015093405180039, 37.649283418404394 ], [ 127.017311053450811, 37.648647954571096 ], [ 127.018546714410732, 37.648687759028128 ], [ 127.020204560561041, 37.649086469259522 ], [ 127.021411658392722, 37.648893688344685 ], [ 127.0226351581085, 37.647861299687243 ], [ 127.024682236838956, 37.647343133660897 ], [ 127.025886879074704, 37.645721133853513 ], [ 127.027544826930878, 37.64496142789929 ], [ 127.031948722858814, 37.642172410208943 ], [ 127.032830574357121, 37.64140747532764 ], [ 127.03319783797653, 37.640803722687814 ], [ 127.034567631797501, 37.637780568118508 ], [ 127.035147699952901, 37.637273045736315 ], [ 127.036847963706634, 37.636750261191253 ], [ 127.037816998465047, 37.636040447109032 ], [ 127.038140258697723, 37.634256410912833 ], [ 127.039764929661573, 37.63219659264972 ], [ 127.041714346169883, 37.630810131690339 ], [ 127.042598849149527, 37.630451408785774 ], [ 127.044425352901698, 37.628822518984762 ], [ 127.047057168032339, 37.627521870534025 ], [ 127.04865054434454, 37.625839224832276 ], [ 127.049736656205766, 37.624266297591845 ], [ 127.046527626520898, 37.622325106875827 ], [ 127.045705641240104, 37.621362783485786 ], [ 127.044678896747939, 37.619443508033058 ], [ 127.043947492258994, 37.618643315234451 ], [ 127.040523376191246, 37.616154402262183 ], [ 127.040050880618125, 37.616216508915869 ], [ 127.039879165501603, 37.615432702455706 ], [ 127.038992257128115, 37.614529195297486 ], [ 127.037909340234094, 37.613767916769064 ], [ 127.03750434304358, 37.612946427099914 ], [ 127.036766016878673, 37.612421017361171 ], [ 127.036003112717395, 37.612410548083574 ], [ 127.032738773157064, 37.610275850993638 ], [ 127.030259212143221, 37.608973715092695 ], [ 127.030344697886719, 37.611297380371546 ], [ 127.030180181449339, 37.612361704883398 ], [ 127.026433549911758, 37.612693954246552 ], [ 127.026037345021749, 37.612239879499406 ], [ 127.025744436906109, 37.612137741653513 ], [ 127.025180756534738, 37.612013962038951 ], [ 127.024564603859645, 37.612141347595738 ], [ 127.022503788062309, 37.611368302393203 ], [ 127.022135717358694, 37.611381314367073 ], [ 127.021911227967209, 37.612326546081725 ], [ 127.02039628200437, 37.612597930457284 ], [ 127.02033777022551, 37.612858945108016 ], [ 127.019522064445596, 37.613327015040021 ], [ 127.019227881071927, 37.61379782227062 ], [ 127.01847186212072, 37.613833981543998 ], [ 127.017556929463922, 37.614624432094722 ], [ 127.01653445220488, 37.614942162443967 ], [ 127.015254173907536, 37.61467455580452 ], [ 127.014446831506334, 37.614682530580495 ], [ 127.013620488211018, 37.615418332307136 ], [ 127.012092230088996, 37.615999611827313 ], [ 127.011814414248221, 37.616316943839372 ], [ 127.011409689113776, 37.616427636918047 ], [ 127.01093767448171, 37.616288023493659 ], [ 127.010135684653335, 37.616801923147221 ], [ 127.010053483825558, 37.617657581510841 ], [ 127.0095381796894, 37.618208342051958 ], [ 127.009074323147914, 37.618285514611699 ], [ 127.008552977442321, 37.618672130551609 ], [ 127.008404523389444, 37.619111925895183 ], [ 127.007751685012806, 37.619631152129386 ], [ 127.007863739467723, 37.619860049226048 ], [ 127.007214072526992, 37.620512446138456 ], [ 127.007324344051099, 37.620686726379333 ], [ 127.007203485589073, 37.620861297172688 ], [ 127.007582283211519, 37.621497595536162 ], [ 127.00744407789378, 37.62176339167079 ], [ 127.007628537760652, 37.622255821894719 ], [ 127.007553880329738, 37.622691395470603 ], [ 127.007787359817613, 37.622943657667015 ], [ 127.007855948499952, 37.624021730358713 ], [ 127.007329573433054, 37.624132415768251 ], [ 127.005714140450706, 37.623981570135733 ], [ 127.005565095538813, 37.623845860765307 ], [ 127.005182977847056, 37.624002986083781 ], [ 127.004879955725983, 37.623823637069428 ], [ 127.004561558609097, 37.624079307703177 ], [ 127.003886503911602, 37.624226290971585 ], [ 127.003516606552338, 37.624928214976791 ], [ 127.00297694704922, 37.625272288930567 ], [ 127.002134441680909, 37.625429400112949 ], [ 127.001761507080218, 37.625644789611826 ], [ 127.00020373972427, 37.625814851385677 ], [ 126.999267227917187, 37.626192960245071 ], [ 126.997894893463538, 37.627538205203912 ], [ 126.99756351717491, 37.628056536845335 ], [ 126.996777581808331, 37.62866241626115 ], [ 126.996499827597333, 37.629089802148584 ], [ 126.99604100855008, 37.629346560716186 ], [ 126.995388847026774, 37.6302463902108 ], [ 126.994256814666997, 37.630846882302464 ], [ 126.993721823519849, 37.631448251362308 ], [ 126.991367413595924, 37.632610334460075 ], [ 126.989933741729629, 37.632798560918133 ], [ 126.989847426152394, 37.633451761662435 ], [ 126.989458614599101, 37.634001039946433 ], [ 126.988736924243184, 37.633941553464538 ], [ 126.988572145192919, 37.633792306483755 ], [ 126.988179036375229, 37.634488835903767 ], [ 126.987429269808644, 37.634962609129325 ], [ 126.985917701633014, 37.635788777861961 ], [ 126.984198675169722, 37.636337449745959 ], [ 126.984855690931212, 37.636814621095404 ], [ 126.985084302249177, 37.637314416464768 ], [ 126.984959929313604, 37.637807125697989 ], [ 126.985233553617419, 37.638065915523661 ], [ 126.985393824421394, 37.638590189300352 ], [ 126.985533441930954, 37.639701230496506 ], [ 126.985676229148041, 37.640044459015947 ], [ 126.986132536305576, 37.640428002328456 ], [ 126.985657137357663, 37.640740181999874 ], [ 126.985224095247034, 37.641636036522129 ], [ 126.984956092374375, 37.6414642459589 ], [ 126.984256768442719, 37.641644908714149 ], [ 126.983830697435181, 37.642148834070511 ], [ 126.983874324083303, 37.642560181584734 ], [ 126.983247158077191, 37.643683495981563 ], [ 126.984189907589354, 37.644428070138801 ], [ 126.98485798978399, 37.645595777796643 ], [ 126.985717968230361, 37.646092838617797 ], [ 126.985100284410848, 37.645929452312103 ], [ 126.984928873135118, 37.646066827214746 ], [ 126.984602938258135, 37.647612513648667 ], [ 126.983980652793463, 37.648182010788148 ], [ 126.983936928587099, 37.64961005099174 ], [ 126.98249528847397, 37.650540363982188 ], [ 126.982298216978222, 37.651254075843759 ], [ 126.981873512626578, 37.651688438217526 ], [ 126.981676454989923, 37.652316285954861 ], [ 126.981047786868857, 37.652712607654216 ], [ 126.979944077605609, 37.654815052553467 ], [ 126.979658110739209, 37.656038640851065 ], [ 126.981193359733737, 37.656487708906042 ], [ 126.982856785188631, 37.656449692388072 ], [ 126.98300998849642, 37.657003536627272 ], [ 126.984335206333711, 37.657733805812832 ], [ 126.984616815008181, 37.658228535532309 ], [ 126.986020520159343, 37.658943318120222 ], [ 126.986544026881276, 37.659485096521124 ], [ 126.98727674268342, 37.660600142763151 ], [ 126.987801949623375, 37.663593690522177 ], [ 126.988268255184508, 37.664391105405059 ], [ 126.98999716987926, 37.664499403800988 ], [ 126.992224517433712, 37.665231641264022 ], [ 126.99274903711094, 37.66553266058505 ], [ 126.993122997987626, 37.666056378507562 ], [ 126.99401724665077, 37.66678312769961 ], [ 126.994129146654615, 37.667030064458537 ], [ 126.993560587680122, 37.667804017324187 ], [ 126.994357354214173, 37.669566875769284 ], [ 126.994350598003862, 37.669810984889821 ], [ 126.993802428728884, 37.670197242293639 ], [ 126.994073852615372, 37.672761084765924 ], [ 126.993543433335105, 37.674102939872959 ], [ 126.993795810984537, 37.674226281717424 ], [ 126.993981356942257, 37.674907086115432 ], [ 126.993809692506687, 37.675252264350789 ], [ 126.993125081527523, 37.675831929853736 ], [ 126.993247267862913, 37.677660631470033 ], [ 126.99292441554492, 37.678821735188137 ], [ 126.992433211356726, 37.67914830042627 ], [ 126.992197577897414, 37.679626922961376 ], [ 126.994075749235165, 37.680324182861305 ], [ 126.994732279949218, 37.681244059763699 ], [ 126.995503310298218, 37.681506230093355 ], [ 126.996737489056372, 37.682389228965079 ], [ 126.997311168440717, 37.683466199044155 ], [ 126.999432347921541, 37.683906884344836 ], [ 127.000510753544944, 37.683973903700085 ], [ 127.001038442899059, 37.684272074202823 ], [ 127.001686759870637, 37.684344152714907 ], [ 127.00190056871773, 37.683722761913707 ], [ 127.002239784296506, 37.683593254837909 ], [ 127.002743025575498, 37.683953918201098 ], [ 127.003237772041246, 37.683948560279319 ], [ 127.003583550561203, 37.684238838410394 ], [ 127.003776826398465, 37.684824465617645 ], [ 127.004566699284055, 37.685079809890603 ] ] ] ] } },
{ "type": "Feature", "properties": { "SIG_CD": "11320", "SIG_ENG_NM": "Dobong-gu", "SIG_KOR_NM": "도봉구" }, "geometry": { "type": "MultiPolygon", "coordinates": [ [ [ [ 127.015086813879748, 37.649288344708616 ], [ 127.01467641787589, 37.649596204407963 ], [ 127.014298892425714, 37.650297889519983 ], [ 127.013995662436727, 37.650253206435451 ], [ 127.013677884128626, 37.650495098002196 ], [ 127.013140513592575, 37.650488394831704 ], [ 127.012905069974948, 37.650746889556778 ], [ 127.012444046644219, 37.652183700298409 ], [ 127.014024249658348, 37.659227202687475 ], [ 127.014376121281643, 37.660379285600705 ], [ 127.014570045937688, 37.660458658252104 ], [ 127.014659123604403, 37.661482380070765 ], [ 127.014521437618342, 37.662015663637192 ], [ 127.015238875858515, 37.661400100211623 ], [ 127.015880790819253, 37.6613231616845 ], [ 127.016499577732446, 37.66166207617848 ], [ 127.016943112574268, 37.662230704329787 ], [ 127.016652518381491, 37.662207145839076 ], [ 127.016176217044219, 37.662538871993341 ], [ 127.015979874909561, 37.66276808636448 ], [ 127.015951291297441, 37.663292907032812 ], [ 127.015565273509978, 37.663437676907215 ], [ 127.015339010343013, 37.663749377579897 ], [ 127.01533215737561, 37.664075422583139 ], [ 127.015792585350795, 37.664942554729301 ], [ 127.015366271757642, 37.665601442283943 ], [ 127.01576446150213, 37.666994235951464 ], [ 127.016373747437783, 37.667370317057724 ], [ 127.01622341202723, 37.667496472110095 ], [ 127.016630825793087, 37.667908336955279 ], [ 127.017455260139599, 37.668121083327442 ], [ 127.018405930548255, 37.66888790421195 ], [ 127.018707098383572, 37.670855080334469 ], [ 127.018248355061004, 37.670687619504918 ], [ 127.017865849401957, 37.670875192421647 ], [ 127.017365334286652, 37.671643619045064 ], [ 127.017298742053555, 37.672448025094475 ], [ 127.016685680586065, 37.672906475102543 ], [ 127.016221326882302, 37.673932515839425 ], [ 127.01511706820834, 37.674154233278074 ], [ 127.014572905498909, 37.674784695730828 ], [ 127.013906145534364, 37.67523975839633 ], [ 127.013980998740678, 37.675883098455834 ], [ 127.013310743181862, 37.677829545256657 ], [ 127.012133054373919, 37.679097774194481 ], [ 127.009383423647307, 37.679590991865211 ], [ 127.008899959605216, 37.680594479610924 ], [ 127.009034694560739, 37.681640723562772 ], [ 127.008418775890689, 37.683216054337073 ], [ 127.00866563945101, 37.684485561159349 ], [ 127.008439874534275, 37.685431593439631 ], [ 127.008588341720269, 37.687440747917485 ], [ 127.008327149103621, 37.688506718273104 ], [ 127.008292750171833, 37.690114951055989 ], [ 127.007620764451659, 37.691618489747739 ], [ 127.009711382516855, 37.693363423338567 ], [ 127.009666213390574, 37.696699830791715 ], [ 127.012124320020249, 37.69737761419281 ], [ 127.013878348177101, 37.698800685205043 ], [ 127.014961164713156, 37.700428228474756 ], [ 127.01541510754204, 37.701455279213995 ], [ 127.019827082290917, 37.701017419399207 ], [ 127.022148100515054, 37.699720768692934 ], [ 127.023388591142677, 37.700070796517778 ], [ 127.025315212564593, 37.699580522197238 ], [ 127.026897792621924, 37.700251134083899 ], [ 127.027021924508631, 37.701115477758108 ], [ 127.027687345602018, 37.700937381504637 ], [ 127.029285576513885, 37.699291623344656 ], [ 127.029601413456575, 37.698175195447639 ], [ 127.029729310005393, 37.696272436688957 ], [ 127.030972478534977, 37.69355683821999 ], [ 127.031026132131132, 37.693074527042533 ], [ 127.031540330814963, 37.692828315712674 ], [ 127.032026149818918, 37.692950380036642 ], [ 127.032414018971622, 37.691838997105457 ], [ 127.033961716743619, 37.691997936081961 ], [ 127.034259086552339, 37.692225069276667 ], [ 127.035625255903781, 37.692491594247059 ], [ 127.035776315275839, 37.692374145129598 ], [ 127.036762848732749, 37.69263991970876 ], [ 127.03752774553648, 37.693220813700819 ], [ 127.038497892595998, 37.693285833776557 ], [ 127.038949818668058, 37.693981969073349 ], [ 127.039913270792752, 37.694081333456857 ], [ 127.039997202186186, 37.694684387705813 ], [ 127.041108508382806, 37.695299777921299 ], [ 127.041812603601286, 37.695382311023607 ], [ 127.042021311906623, 37.695071414689991 ], [ 127.042330093179658, 37.695053847579935 ], [ 127.043072507433735, 37.69523096160988 ], [ 127.043397840320566, 37.69440167649595 ], [ 127.043037243603166, 37.693622186564227 ], [ 127.043749886432352, 37.693506213150961 ], [ 127.044065540161142, 37.693126287174152 ], [ 127.044817113893529, 37.692936251460864 ], [ 127.044904323463115, 37.692405485724265 ], [ 127.045649777683664, 37.692370296602583 ], [ 127.046754912412112, 37.69271731851984 ], [ 127.04752645094284, 37.693313623344764 ], [ 127.047814845132422, 37.693289860059146 ], [ 127.048211036884695, 37.693945168107518 ], [ 127.048631681616882, 37.694062964837919 ], [ 127.049365727565743, 37.691689742175051 ], [ 127.049965752399928, 37.690870182708494 ], [ 127.049751026209208, 37.689207135208299 ], [ 127.049820021765868, 37.687977004008552 ], [ 127.050920670642938, 37.686158552646745 ], [ 127.051803312302141, 37.685813558605581 ], [ 127.052071433471852, 37.684411030305988 ], [ 127.051938484901981, 37.682951235764371 ], [ 127.051227362437416, 37.681997914309363 ], [ 127.050919664800361, 37.680094183978746 ], [ 127.050399183245815, 37.679170616778066 ], [ 127.04972063267364, 37.676718010947553 ], [ 127.048736932023814, 37.674795113681299 ], [ 127.048761099283652, 37.673811918438957 ], [ 127.048326435296829, 37.672342939731656 ], [ 127.048189599273755, 37.670477981227663 ], [ 127.048919899924698, 37.667584162122225 ], [ 127.050306130674485, 37.665810364441981 ], [ 127.051167710237038, 37.663979344761096 ], [ 127.051409959311258, 37.663966286117613 ], [ 127.051615135196528, 37.660697079500729 ], [ 127.051453090644642, 37.660422351133008 ], [ 127.051481940275238, 37.659875276536596 ], [ 127.051795411050065, 37.659921885793729 ], [ 127.053407988401304, 37.657517838697821 ], [ 127.053576137296048, 37.656145742707672 ], [ 127.05400635917411, 37.655300888285922 ], [ 127.053745910259877, 37.652053556356343 ], [ 127.053949027538593, 37.650576145961487 ], [ 127.055438166419336, 37.648240542197513 ], [ 127.055824682339292, 37.647048824218288 ], [ 127.055872923782687, 37.645951296047343 ], [ 127.055650636945913, 37.644598248817566 ], [ 127.055156058012699, 37.643475353343035 ], [ 127.054994145771317, 37.642355395785067 ], [ 127.055123009366014, 37.641334422310713 ], [ 127.055776986914012, 37.640626288951552 ], [ 127.05467304467129, 37.640180528412849 ], [ 127.052858511114053, 37.641796891850859 ], [ 127.052327426071713, 37.642614199479837 ], [ 127.051352879392155, 37.644815529761289 ], [ 127.050925247559846, 37.644699988241193 ], [ 127.050467151329087, 37.644831388262894 ], [ 127.050355272910082, 37.644591549647799 ], [ 127.050692728576735, 37.64380558684261 ], [ 127.049720415671928, 37.64351204444241 ], [ 127.049036697136202, 37.642147062677772 ], [ 127.047785996774749, 37.641403965088713 ], [ 127.047811713482588, 37.641198145225566 ], [ 127.046717306748889, 37.641223057684016 ], [ 127.046524409782265, 37.641054486934827 ], [ 127.046478841216967, 37.640342732428628 ], [ 127.046766491113232, 37.639709397312146 ], [ 127.046668566028472, 37.639372694579791 ], [ 127.04624125491722, 37.638859309596008 ], [ 127.046001874175431, 37.637904075863482 ], [ 127.045333706623808, 37.637485938819808 ], [ 127.045028576928544, 37.636690938975327 ], [ 127.044992158218733, 37.635864584672667 ], [ 127.044611098071101, 37.635363555518836 ], [ 127.044139162302343, 37.633815738480102 ], [ 127.043743250304928, 37.633326812003467 ], [ 127.043491840843856, 37.633254264727938 ], [ 127.043516537367182, 37.633092079859956 ], [ 127.042694741315017, 37.632617382793697 ], [ 127.041657875689879, 37.631467019483082 ], [ 127.042656096158197, 37.630907510313158 ], [ 127.042524831149279, 37.630414270207375 ], [ 127.041714347586563, 37.630810132789691 ], [ 127.039764930486129, 37.632196593304954 ], [ 127.038140259948477, 37.634256412012256 ], [ 127.03781699988177, 37.636040448208441 ], [ 127.036847964990613, 37.636750262290697 ], [ 127.035147701303202, 37.637273046782951 ], [ 127.034567633214223, 37.637780569270745 ], [ 127.033340606947988, 37.64055535801166 ], [ 127.03241843245759, 37.641833575543004 ], [ 127.02754482831439, 37.644961428946004 ], [ 127.02588688052461, 37.64572113495305 ], [ 127.024682238189271, 37.647343134760483 ], [ 127.022664900030378, 37.647847213258501 ], [ 127.021130000149228, 37.648999889461315 ], [ 127.020170385522405, 37.64908309715976 ], [ 127.017698254844632, 37.648576383748427 ], [ 127.015086813879748, 37.649288344708616 ] ] ] ] } },
{ "type": "Feature", "properties": { "SIG_CD": "11350", "SIG_ENG_NM": "Nowon-gu", "SIG_KOR_NM": "노원구" }, "geometry": { "type": "MultiPolygon", "coordinates": [ [ [ [ 127.110849419767277, 37.638408879281094 ], [ 127.110903350213306, 37.638262474411995 ], [ 127.111598518884179, 37.637990634023659 ], [ 127.112483189953053, 37.636489119544457 ], [ 127.112213446754197, 37.636284111847829 ], [ 127.112251681429001, 37.635564420233337 ], [ 127.112548611782572, 37.635251340220464 ], [ 127.112346962524242, 37.634756550827454 ], [ 127.112407275650085, 37.634251108601134 ], [ 127.111602322118998, 37.633848674770974 ], [ 127.112203446795732, 37.632642766387207 ], [ 127.111632316574983, 37.631503284143882 ], [ 127.110825490109903, 37.630781846147705 ], [ 127.107025293082387, 37.628048015466625 ], [ 127.105906346489732, 37.627594863202752 ], [ 127.105963513114133, 37.627330708259244 ], [ 127.105402307269003, 37.625727749820307 ], [ 127.105014751084639, 37.625265491696382 ], [ 127.104914375631168, 37.623981963620473 ], [ 127.10432790599809, 37.623270702283975 ], [ 127.104066216107213, 37.621653112914309 ], [ 127.104909095176524, 37.621567343111927 ], [ 127.105661986751315, 37.620416246917259 ], [ 127.104916533652982, 37.62004327509927 ], [ 127.104052315001269, 37.620043182259387 ], [ 127.103797555574943, 37.620238807752493 ], [ 127.103388405850325, 37.620268164135503 ], [ 127.101693268222235, 37.620024656898721 ], [ 127.101674822498723, 37.619471696070043 ], [ 127.100870701377687, 37.619404234209 ], [ 127.098816855616235, 37.620393933452057 ], [ 127.096650919528372, 37.619561725308472 ], [ 127.096195739593185, 37.61902066521418 ], [ 127.095547288760002, 37.619174340932496 ], [ 127.094449776087444, 37.618997555405315 ], [ 127.093653619829979, 37.618068476259253 ], [ 127.093209519185763, 37.618020394442532 ], [ 127.092331044091097, 37.618348525930827 ], [ 127.091383681750855, 37.618957692149927 ], [ 127.089455925323449, 37.619646709232221 ], [ 127.088708154878759, 37.620239937812833 ], [ 127.088231815747889, 37.619876797437101 ], [ 127.086983952261676, 37.620231342411955 ], [ 127.086065998569381, 37.620293098585229 ], [ 127.084942280225903, 37.620095403876306 ], [ 127.082787260958241, 37.619402873526525 ], [ 127.081401430514518, 37.619187863828003 ], [ 127.080437185649416, 37.618482657434107 ], [ 127.08006953097366, 37.618419545938472 ], [ 127.08007860307481, 37.618623674856003 ], [ 127.079113803685345, 37.618390337625968 ], [ 127.077696224788312, 37.617902758659206 ], [ 127.077573064670574, 37.617742346000171 ], [ 127.077493869669567, 37.617832504404987 ], [ 127.075541120257043, 37.61716419982865 ], [ 127.071380716544056, 37.616400902438635 ], [ 127.071090113457942, 37.616206516383144 ], [ 127.071120849939717, 37.615947754448001 ], [ 127.070164146565958, 37.615397590267136 ], [ 127.069663256446773, 37.615725891685273 ], [ 127.064857932100708, 37.61476620384893 ], [ 127.063284761380785, 37.614269803805826 ], [ 127.062031231507618, 37.61442671928971 ], [ 127.061456778337032, 37.614637337942284 ], [ 127.061089573492552, 37.61493836099892 ], [ 127.060666173493658, 37.615664855090749 ], [ 127.057420400121046, 37.617479669675461 ], [ 127.055933239342139, 37.618915446178917 ], [ 127.054408089823553, 37.619795893148762 ], [ 127.052111264060954, 37.622242331297919 ], [ 127.049658642731643, 37.624334756460605 ], [ 127.04865054565181, 37.625839231017743 ], [ 127.047057169339681, 37.627521877164028 ], [ 127.044425354308217, 37.62882252561495 ], [ 127.042598850423019, 37.630451415363403 ], [ 127.04265609608143, 37.630907515844257 ], [ 127.041657875612984, 37.631467025014246 ], [ 127.04269474123835, 37.632617388324945 ], [ 127.043516537290614, 37.633092085391205 ], [ 127.04349184076726, 37.633254270259208 ], [ 127.043743250228417, 37.633326817534765 ], [ 127.044139162225932, 37.633815744011393 ], [ 127.044611097994803, 37.635363561050262 ], [ 127.044992158142506, 37.635864590204164 ], [ 127.045028576852332, 37.636690944506881 ], [ 127.045333706547709, 37.637485944351404 ], [ 127.046001874099375, 37.637904081395099 ], [ 127.046241254841263, 37.638859315127696 ], [ 127.046668565952629, 37.639372700111537 ], [ 127.046766491037388, 37.639709402843899 ], [ 127.046478841141123, 37.640342737960452 ], [ 127.046524409706436, 37.641054492466687 ], [ 127.04671730667306, 37.641223063215932 ], [ 127.047811713406944, 37.641198150757425 ], [ 127.047785996699105, 37.641403970620594 ], [ 127.049036697060785, 37.642147068209681 ], [ 127.049720415596639, 37.64351204997444 ], [ 127.050692728501645, 37.643805592374619 ], [ 127.050355272834921, 37.644591555179893 ], [ 127.050467151253969, 37.644831393795016 ], [ 127.050925247484841, 37.644699993773294 ], [ 127.051352879317179, 37.644815535293411 ], [ 127.052327425996822, 37.642614205011718 ], [ 127.052858511039219, 37.641796897382669 ], [ 127.054673044596683, 37.640180533944481 ], [ 127.055776986839632, 37.640626294483177 ], [ 127.055123009291535, 37.641334427842423 ], [ 127.054994145696867, 37.64235540131687 ], [ 127.055156057938319, 37.643475358874944 ], [ 127.055650636871604, 37.644598254349546 ], [ 127.055872923708463, 37.645951301579444 ], [ 127.055824682265097, 37.647048829750474 ], [ 127.055438166345084, 37.64824054772982 ], [ 127.053949027464199, 37.650576151494008 ], [ 127.053745910185469, 37.652053561889005 ], [ 127.054006359099844, 37.655300893818854 ], [ 127.053576137221754, 37.656145748240682 ], [ 127.053407988327038, 37.657517844230931 ], [ 127.051795410975615, 37.659921891327087 ], [ 127.05148194020073, 37.65987528206999 ], [ 127.051453090570135, 37.660422356666409 ], [ 127.051615135122063, 37.660697085034172 ], [ 127.051409959236878, 37.663966291651313 ], [ 127.051167710162616, 37.663979350294824 ], [ 127.050306130599964, 37.665810369975894 ], [ 127.048919899849992, 37.667584167656294 ], [ 127.048189599199048, 37.670477986762009 ], [ 127.048161526127572, 37.671188928012675 ], [ 127.048761099209102, 37.673811923973588 ], [ 127.0488496275523, 37.675151516612296 ], [ 127.049720632599318, 37.67671801648239 ], [ 127.050399183171692, 37.679170622313116 ], [ 127.050919664726337, 37.680094189513838 ], [ 127.05122736236352, 37.68199791984464 ], [ 127.051938484828199, 37.682951241299719 ], [ 127.052071507913851, 37.684520845964933 ], [ 127.051803306718767, 37.685805401851525 ], [ 127.05180415818549, 37.687066759494812 ], [ 127.052227061806889, 37.687420776621387 ], [ 127.054690124381324, 37.688718214622668 ], [ 127.055178518621219, 37.689204796378128 ], [ 127.056177457363617, 37.689204337677474 ], [ 127.057190548046563, 37.689632671220437 ], [ 127.058390061761159, 37.689685868399472 ], [ 127.059659856602465, 37.6903319835519 ], [ 127.060615976053001, 37.691273868129613 ], [ 127.06120891477191, 37.692169745696745 ], [ 127.06236751664018, 37.693024236146712 ], [ 127.062731864246871, 37.694675911035446 ], [ 127.063386156323872, 37.694921930449617 ], [ 127.064584699766883, 37.694553871547363 ], [ 127.065325408913552, 37.6947632277125 ], [ 127.066307861172319, 37.69444172200209 ], [ 127.067827130234363, 37.694773109816929 ], [ 127.068548020676829, 37.694000400987584 ], [ 127.069027645556218, 37.69386808138573 ], [ 127.06915096810711, 37.693689501336905 ], [ 127.069822673433166, 37.693981091584384 ], [ 127.070878820249447, 37.693700048656346 ], [ 127.072657598477548, 37.693799501273645 ], [ 127.073398230982065, 37.694100876745466 ], [ 127.073930070988069, 37.694644231903645 ], [ 127.074906803082641, 37.695219680567803 ], [ 127.078196276309868, 37.695986510261505 ], [ 127.081104769123584, 37.696137468681819 ], [ 127.083843285712263, 37.694268890326832 ], [ 127.083905016070375, 37.691782452000467 ], [ 127.085177199779665, 37.690389847842248 ], [ 127.086530627143148, 37.689912203852991 ], [ 127.088453582209951, 37.689902639833946 ], [ 127.090551884256101, 37.689570247087374 ], [ 127.093036720446705, 37.689966465889491 ], [ 127.094289386576691, 37.689131811237978 ], [ 127.095097140384198, 37.689384850097021 ], [ 127.09599595819121, 37.689071046670712 ], [ 127.095584822707536, 37.688395089506173 ], [ 127.096080747639249, 37.687907043178456 ], [ 127.096423111862308, 37.685637441313993 ], [ 127.095809833613231, 37.684640397626602 ], [ 127.09428757720201, 37.683418537744551 ], [ 127.092919049663948, 37.681551498131675 ], [ 127.092794805616421, 37.680045279040108 ], [ 127.092530776698183, 37.679517298256826 ], [ 127.091946561686683, 37.679190298778117 ], [ 127.091941536377547, 37.678692516169455 ], [ 127.092479596303434, 37.677643029856888 ], [ 127.09353004221957, 37.676738712109326 ], [ 127.093853724225994, 37.676659344832139 ], [ 127.0939627724632, 37.675617231895771 ], [ 127.094614625795032, 37.67353631283239 ], [ 127.09514691907016, 37.672891417315789 ], [ 127.095750767124926, 37.67267301829542 ], [ 127.096018930695834, 37.671850378688461 ], [ 127.09572040301984, 37.671347766826919 ], [ 127.095748703626853, 37.670619641687544 ], [ 127.096012967457654, 37.670079414437758 ], [ 127.096447255276061, 37.669689106509331 ], [ 127.096237357468837, 37.66882941461828 ], [ 127.094979291893935, 37.667600031767144 ], [ 127.094580629534562, 37.666172305042622 ], [ 127.094680006319237, 37.66492127968305 ], [ 127.09541063546267, 37.663889644835315 ], [ 127.094142115836746, 37.66329882519436 ], [ 127.09120691027077, 37.659334556606503 ], [ 127.091132285363571, 37.658243029110622 ], [ 127.091891319058064, 37.657434951958983 ], [ 127.092351643728335, 37.655491862978607 ], [ 127.093066320054987, 37.653782558480017 ], [ 127.093915734899667, 37.652961729793581 ], [ 127.094040759815712, 37.652540146650196 ], [ 127.093366840502014, 37.651227222626261 ], [ 127.09326587274758, 37.650617728503413 ], [ 127.092465883185341, 37.649709767769593 ], [ 127.092715616373795, 37.649346374201443 ], [ 127.092694498150081, 37.648579993221766 ], [ 127.093068756853413, 37.647837534028376 ], [ 127.093834042781495, 37.647321967150994 ], [ 127.093632406319003, 37.646625841523459 ], [ 127.094474538097145, 37.645849773640201 ], [ 127.094381361497554, 37.644955916920793 ], [ 127.094569969230051, 37.644570600993575 ], [ 127.09755890898812, 37.643964831152502 ], [ 127.098908061397083, 37.644034397782008 ], [ 127.099772590642999, 37.644464176536751 ], [ 127.101592640211408, 37.644772357422063 ], [ 127.102800136419035, 37.645204921833894 ], [ 127.102882381098595, 37.645408976397711 ], [ 127.103920687494991, 37.645492834465365 ], [ 127.106576382418496, 37.645377310150273 ], [ 127.107692239795469, 37.644966646536858 ], [ 127.109288617276292, 37.642858887867604 ], [ 127.109898326520437, 37.642487523477335 ], [ 127.110751296738826, 37.64273027988726 ], [ 127.111154699506201, 37.642563504449775 ], [ 127.111423797936226, 37.642086862785618 ], [ 127.111345396255118, 37.641497363654963 ], [ 127.111615005269186, 37.641247370735876 ], [ 127.111712416913733, 37.640798475847888 ], [ 127.112223244797917, 37.640375674175942 ], [ 127.111991318074956, 37.640008743506733 ], [ 127.111135440834175, 37.639943932762804 ], [ 127.110566323690804, 37.639363608822393 ], [ 127.110849419767277, 37.638408879281094 ] ] ] ] } },
{ "type": "Feature", "properties": { "SIG_CD": "11380", "SIG_ENG_NM": "Eunpyeong-gu", "SIG_KOR_NM": "은평구" }, "geometry": { "type": "MultiPolygon", "coordinates": [ [ [ [ 126.95171836393132, 37.65488968787264 ], [ 126.953210495991385, 37.654933077628428 ], [ 126.953945505233833, 37.655296577298486 ], [ 126.954194123771344, 37.655211273899553 ], [ 126.954037237187521, 37.654981975834623 ], [ 126.954351545993802, 37.654595313418007 ], [ 126.955235921192454, 37.654313928853128 ], [ 126.955534855841123, 37.653778145840057 ], [ 126.957108103069288, 37.652837229629263 ], [ 126.957684985131891, 37.650710296681609 ], [ 126.957789459340447, 37.649808639103227 ], [ 126.957562260171599, 37.649042455030198 ], [ 126.957854688543065, 37.648445532010349 ], [ 126.9578391596431, 37.648047691351813 ], [ 126.958377341907294, 37.647650297712609 ], [ 126.959027012554856, 37.646783380098057 ], [ 126.958919917922216, 37.646136602769587 ], [ 126.959145884871504, 37.645749877026986 ], [ 126.958906540396711, 37.644760365627064 ], [ 126.959122230499887, 37.644346273469601 ], [ 126.959019704441999, 37.643879044215865 ], [ 126.959365333090716, 37.643199651655912 ], [ 126.959267780883877, 37.642132734158324 ], [ 126.959971238621122, 37.641461702149904 ], [ 126.96013162102355, 37.640538437287454 ], [ 126.960861868250504, 37.63875547709209 ], [ 126.961602956898361, 37.637989178560566 ], [ 126.961604340989396, 37.637117357123401 ], [ 126.962540777750746, 37.635818856779487 ], [ 126.963328787261574, 37.633245137431445 ], [ 126.961619135261586, 37.631887941612071 ], [ 126.959822439149818, 37.629761155101257 ], [ 126.958759437618852, 37.62958838140046 ], [ 126.957466664332657, 37.62913068613279 ], [ 126.956379155930179, 37.628219727828807 ], [ 126.955205136743388, 37.62815141113056 ], [ 126.954034933200916, 37.6273594900116 ], [ 126.953492774453807, 37.627368001081074 ], [ 126.951980086520237, 37.62686762061486 ], [ 126.951579213816203, 37.626555766902349 ], [ 126.950412691542226, 37.626419552942039 ], [ 126.949002418135962, 37.624335139624549 ], [ 126.948898750204847, 37.623254197212269 ], [ 126.94990249644259, 37.620921949574537 ], [ 126.949836196140126, 37.618765478451735 ], [ 126.950704198993421, 37.615529082457172 ], [ 126.950565015978199, 37.615121328577644 ], [ 126.950712284372813, 37.61351708714799 ], [ 126.949810321846215, 37.611655601310829 ], [ 126.950361929292782, 37.610616901845994 ], [ 126.949342509832803, 37.61002068141579 ], [ 126.94872279103042, 37.60902510021667 ], [ 126.948196094725702, 37.608627584459178 ], [ 126.947048702948351, 37.608135466690925 ], [ 126.946212252318091, 37.607391199854604 ], [ 126.943743760739096, 37.60620945127431 ], [ 126.943665922148327, 37.605042640956711 ], [ 126.942130785472443, 37.604941364876282 ], [ 126.941241836298289, 37.603134164768406 ], [ 126.939957441357208, 37.603075775863886 ], [ 126.939836166678376, 37.601870089371459 ], [ 126.941067027983422, 37.601151624648999 ], [ 126.941391583908768, 37.600652312431855 ], [ 126.940877909253913, 37.5987163411029 ], [ 126.9387120041701, 37.597521405294565 ], [ 126.937541831059875, 37.597868223126049 ], [ 126.934518105086767, 37.596633035790418 ], [ 126.933837983368022, 37.596645315598117 ], [ 126.932794219807036, 37.596312195428361 ], [ 126.931596725753394, 37.595412760752801 ], [ 126.931310826833055, 37.595024041726809 ], [ 126.930245660552117, 37.59455038676407 ], [ 126.930391467301177, 37.594337896541077 ], [ 126.929963652542654, 37.594165045462034 ], [ 126.928536839116077, 37.592275772035293 ], [ 126.927763863895009, 37.591576461043012 ], [ 126.927969962244376, 37.591044729473992 ], [ 126.927651509114582, 37.590521959560434 ], [ 126.927942210825634, 37.589940159075681 ], [ 126.927603088944977, 37.589393445894032 ], [ 126.927996998979665, 37.588387399900611 ], [ 126.927737952159376, 37.588071893528642 ], [ 126.926314452959048, 37.587291084529831 ], [ 126.925731524820691, 37.587135291781863 ], [ 126.925066417187807, 37.587240728647416 ], [ 126.923856350988402, 37.587098312886965 ], [ 126.92365124251549, 37.586151296374403 ], [ 126.922419062056832, 37.585345789129896 ], [ 126.921846431034794, 37.584685990811977 ], [ 126.921993363580569, 37.584079339194929 ], [ 126.921719904547231, 37.58372720264736 ], [ 126.921750445217853, 37.583455801357935 ], [ 126.921186298786949, 37.583305629932596 ], [ 126.920859255063647, 37.582939102168645 ], [ 126.920254423770501, 37.582956986377852 ], [ 126.919859214338061, 37.583300782084549 ], [ 126.919550276846877, 37.58320567616137 ], [ 126.918888657929131, 37.583384565118166 ], [ 126.915938863660173, 37.583095283338551 ], [ 126.915596189255965, 37.584196480324138 ], [ 126.915679839144659, 37.584989976014313 ], [ 126.916372630335601, 37.585880768398148 ], [ 126.916015061123204, 37.585615845513651 ], [ 126.91531227279954, 37.585418243836962 ], [ 126.915697982923206, 37.585980505451722 ], [ 126.912845175918974, 37.587224576541232 ], [ 126.911904478726214, 37.58581185123839 ], [ 126.904145973623486, 37.578511947369648 ], [ 126.904170429271289, 37.578744530124602 ], [ 126.901829082232524, 37.57654361068407 ], [ 126.902635513613021, 37.576391121170005 ], [ 126.902081146041482, 37.576004916114215 ], [ 126.88871701731523, 37.584750495520176 ], [ 126.885868697914447, 37.587057072212353 ], [ 126.882030895942748, 37.590817680464987 ], [ 126.882681588299903, 37.591376659241789 ], [ 126.883575147503507, 37.591852545284105 ], [ 126.885139689914325, 37.593750948765958 ], [ 126.885796281749734, 37.593953757055559 ], [ 126.886732788171216, 37.593807414682402 ], [ 126.887337685984036, 37.593919777421092 ], [ 126.885611804831342, 37.591523451032941 ], [ 126.885467037278687, 37.591104918754318 ], [ 126.885775955492733, 37.590518167727872 ], [ 126.885880875057239, 37.589936856325735 ], [ 126.885754072334038, 37.589565643569991 ], [ 126.886557530456031, 37.58916210297658 ], [ 126.887159279162432, 37.588532845183785 ], [ 126.888343652836255, 37.588795272198851 ], [ 126.889253451629955, 37.588827675433116 ], [ 126.889578862604736, 37.589132066771846 ], [ 126.891444134823033, 37.588465407388725 ], [ 126.892235725134711, 37.58852217512414 ], [ 126.893327883437806, 37.58906742997258 ], [ 126.893840575470577, 37.589071277453499 ], [ 126.894267470364397, 37.58882023731708 ], [ 126.895231217317772, 37.588864464403287 ], [ 126.896859033190708, 37.588566620776902 ], [ 126.897962408087182, 37.589090453332879 ], [ 126.898082087425379, 37.589538798113175 ], [ 126.899643836988162, 37.589816920734442 ], [ 126.899750352051626, 37.589938086916547 ], [ 126.899575447980254, 37.59067307626227 ], [ 126.899696408047618, 37.591362154403448 ], [ 126.89896162866323, 37.592678369785411 ], [ 126.8997782099717, 37.593386628234917 ], [ 126.90035509799263, 37.594211236060374 ], [ 126.901829756243487, 37.595141350967886 ], [ 126.901628152415739, 37.596000493718414 ], [ 126.901210549612159, 37.596301689770179 ], [ 126.901011880353536, 37.597337093172541 ], [ 126.901253505724441, 37.597908855490331 ], [ 126.901322686404242, 37.59936653388629 ], [ 126.89998230219679, 37.602040181368899 ], [ 126.900204539490119, 37.60256772649273 ], [ 126.900152654141991, 37.603116443388835 ], [ 126.902108472865208, 37.603741757976216 ], [ 126.90202991439115, 37.604269045785919 ], [ 126.901505407797941, 37.605356538575236 ], [ 126.901743384714877, 37.605765281341405 ], [ 126.901413861496877, 37.606190707333461 ], [ 126.900775750075937, 37.608439249387942 ], [ 126.900601148353843, 37.609319521448846 ], [ 126.90070526163106, 37.610318852957001 ], [ 126.90030432144151, 37.61119134447091 ], [ 126.900961949701696, 37.612350226067996 ], [ 126.900913491642953, 37.612724659531551 ], [ 126.901734239550379, 37.61406922347625 ], [ 126.90172886635051, 37.614776200536603 ], [ 126.901917094002101, 37.615092549717275 ], [ 126.901822599892554, 37.615753564467802 ], [ 126.902473189054561, 37.616665508136947 ], [ 126.902478361123912, 37.616899208781362 ], [ 126.903125569786326, 37.61730434442245 ], [ 126.903051608092667, 37.618093766714068 ], [ 126.903340160553299, 37.618306016782448 ], [ 126.903361229532777, 37.618839306446056 ], [ 126.904274285171056, 37.618831331873807 ], [ 126.905231089428057, 37.619074543158078 ], [ 126.905189256898268, 37.619813871257804 ], [ 126.905557578624382, 37.620623080125632 ], [ 126.907117467180626, 37.621941462588779 ], [ 126.907142806106179, 37.623312656624108 ], [ 126.906999538415832, 37.62393674950075 ], [ 126.906627146365963, 37.624495625425396 ], [ 126.908610824925063, 37.626265654799973 ], [ 126.908903169671731, 37.627458555464791 ], [ 126.90880184330824, 37.629087841823278 ], [ 126.908382094220102, 37.629994120882827 ], [ 126.908118271401136, 37.630060638811699 ], [ 126.907294155188637, 37.630867206155678 ], [ 126.906757397513942, 37.632736305971768 ], [ 126.906202193517785, 37.633220134435561 ], [ 126.907096247596499, 37.633397949495425 ], [ 126.909122457444255, 37.63433291253579 ], [ 126.909806592658114, 37.634941885552088 ], [ 126.910854458727542, 37.635316601112756 ], [ 126.911210370938335, 37.635905581827849 ], [ 126.910092002052679, 37.638509419003135 ], [ 126.910892065878585, 37.640284294231492 ], [ 126.912279860168795, 37.644315357191154 ], [ 126.910140788933376, 37.645076765585863 ], [ 126.907705175944855, 37.64628978414077 ], [ 126.907291560217786, 37.646944554077585 ], [ 126.904802022979382, 37.649201015078418 ], [ 126.906094153340774, 37.648630128037851 ], [ 126.908413664167881, 37.647256587931281 ], [ 126.908635408729566, 37.647416199390491 ], [ 126.909727263656976, 37.646877910027307 ], [ 126.911945589596982, 37.645365579035975 ], [ 126.913398608804187, 37.644996498201202 ], [ 126.913720823284947, 37.644755655217885 ], [ 126.915189327581544, 37.645116291466508 ], [ 126.91734150436892, 37.64525777725521 ], [ 126.924122909184177, 37.646106302088981 ], [ 126.927134007105494, 37.648103008694044 ], [ 126.927992076854053, 37.648887773871685 ], [ 126.929699372545315, 37.650048155887475 ], [ 126.930862931207727, 37.650301419937705 ], [ 126.931900565590993, 37.650230652542042 ], [ 126.935705689018661, 37.651202655590978 ], [ 126.937163318141742, 37.652315704698346 ], [ 126.938459653755871, 37.654771174176865 ], [ 126.939666230845461, 37.65624105943531 ], [ 126.940335210641763, 37.656767847725661 ], [ 126.942697217611084, 37.657919458342505 ], [ 126.945022611333144, 37.658325186484653 ], [ 126.947564852161619, 37.659215385935376 ], [ 126.948001905219726, 37.658572370531928 ], [ 126.948038340819664, 37.657892439765618 ], [ 126.947757842361256, 37.657280847963598 ], [ 126.947882432047706, 37.657125810933849 ], [ 126.948832816316568, 37.656974361959634 ], [ 126.949203083237322, 37.656770401962092 ], [ 126.949791161036018, 37.655911762209676 ], [ 126.950772706607026, 37.655486423924792 ], [ 126.951376053619839, 37.654949682936724 ], [ 126.95171836393132, 37.65488968787264 ] ] ] ] } },
{ "type": "Feature", "properties": { "SIG_CD": "11410", "SIG_ENG_NM": "Seodaemun-gu", "SIG_KOR_NM": "서대문구" }, "geometry": { "type": "MultiPolygon", "coordinates": [ [ [ [ 126.952675361220614, 37.602740082033499 ], [ 126.952375381895351, 37.602475582076515 ], [ 126.952469016898633, 37.601622507200602 ], [ 126.953361918962273, 37.600168066274271 ], [ 126.953380549795284, 37.599530916435043 ], [ 126.953045907519851, 37.599073809664922 ], [ 126.95306133145408, 37.598758192454248 ], [ 126.953508737031683, 37.598578457878503 ], [ 126.953841131400893, 37.598672916587283 ], [ 126.954141293324554, 37.599097905256947 ], [ 126.954881107258785, 37.599309084101158 ], [ 126.955411404009539, 37.599273532414884 ], [ 126.956598718292454, 37.598868547672097 ], [ 126.956746987089801, 37.598574946428243 ], [ 126.957714408463147, 37.598366668653568 ], [ 126.958268711960642, 37.597788279365624 ], [ 126.958706895501336, 37.596378958013595 ], [ 126.958645275209378, 37.595862554692907 ], [ 126.959051258230332, 37.595034084409249 ], [ 126.959033880929667, 37.594788271652554 ], [ 126.958540786655007, 37.594183028162604 ], [ 126.957516962989146, 37.593528599377279 ], [ 126.957511928046003, 37.593060644211747 ], [ 126.957810328230551, 37.592564934307624 ], [ 126.957819466525706, 37.591459825996743 ], [ 126.957326612023408, 37.588721774601929 ], [ 126.957463985175835, 37.587953447767681 ], [ 126.957374169840293, 37.586969934680042 ], [ 126.957463887878717, 37.586024492069193 ], [ 126.957985791983873, 37.584430508690112 ], [ 126.957549745658525, 37.582302335398779 ], [ 126.958173362809887, 37.580984306066036 ], [ 126.958031461825996, 37.58073507709701 ], [ 126.957223829117609, 37.580351010680538 ], [ 126.957202034586231, 37.579818852872855 ], [ 126.955678036914492, 37.579683969878218 ], [ 126.955106741694522, 37.579295763834203 ], [ 126.953558445540736, 37.57874835422291 ], [ 126.955449307568557, 37.576544509641153 ], [ 126.955633935890916, 37.576594415135531 ], [ 126.956370144102138, 37.575684702057096 ], [ 126.95833778218244, 37.574098015734641 ], [ 126.966690000108656, 37.565828290465397 ], [ 126.968606939507225, 37.563443751675941 ], [ 126.969464058609745, 37.561975375152954 ], [ 126.966837580837222, 37.561273636173496 ], [ 126.963984997566186, 37.559462540771676 ], [ 126.963209510690916, 37.55919537352591 ], [ 126.961672495405594, 37.559025361652104 ], [ 126.960903327514188, 37.558545601851613 ], [ 126.960115969358711, 37.557700091806765 ], [ 126.959796331802636, 37.55754906348546 ], [ 126.95964189664042, 37.557662758792247 ], [ 126.959134077565693, 37.557241923416704 ], [ 126.956190891784118, 37.557406954792327 ], [ 126.94137197866074, 37.556546089613441 ], [ 126.936863963677723, 37.55510137529761 ], [ 126.926596912412606, 37.558849236474074 ], [ 126.926765504988367, 37.561089148939502 ], [ 126.928282232152142, 37.563331868377716 ], [ 126.926013745881377, 37.565104261106441 ], [ 126.923581071673809, 37.56599719979048 ], [ 126.918440370632666, 37.567110073086475 ], [ 126.909089092730724, 37.5712986628537 ], [ 126.90208107408678, 37.576004527476066 ], [ 126.902635441706465, 37.576390732570367 ], [ 126.901829010252555, 37.576543222096568 ], [ 126.904170357491878, 37.578744141754029 ], [ 126.904145901842938, 37.578511558976821 ], [ 126.911904407610393, 37.585811463564752 ], [ 126.912845104881299, 37.58722418900512 ], [ 126.915697912148332, 37.585980117805342 ], [ 126.915312201992535, 37.585417856135784 ], [ 126.916014990378585, 37.585615457833441 ], [ 126.916372559621948, 37.585880380744207 ], [ 126.915679768372726, 37.58498958827343 ], [ 126.915596118480252, 37.584196092507348 ], [ 126.915938792920414, 37.583094895417737 ], [ 126.918888587453708, 37.583384177233619 ], [ 126.919550206431907, 37.583205288261723 ], [ 126.919859143950475, 37.583300394194865 ], [ 126.920254353420063, 37.582956598456533 ], [ 126.920859184767764, 37.582938714247419 ], [ 126.921186228518835, 37.583305242047295 ], [ 126.921750374999831, 37.583455413488601 ], [ 126.921719834325188, 37.583726814803818 ], [ 126.921993293381519, 37.584078951385727 ], [ 126.9218463608197, 37.58468560306018 ], [ 126.922418991890268, 37.585345401442687 ], [ 126.923651172456147, 37.586150908767557 ], [ 126.923856280943156, 37.587097925371026 ], [ 126.925066347250848, 37.587240341148586 ], [ 126.925731454944113, 37.587134904274926 ], [ 126.92631438313424, 37.5872906970394 ], [ 126.927737882459141, 37.588071506116783 ], [ 126.927996929301315, 37.58838701251959 ], [ 126.927603019226538, 37.589393058607783 ], [ 126.927942141135205, 37.589939771842488 ], [ 126.927651439395305, 37.590521572381903 ], [ 126.927969892551374, 37.591044342346201 ], [ 126.927763794181018, 37.591576073965321 ], [ 126.928536769468494, 37.59227538502649 ], [ 126.929963583014882, 37.594164658637446 ], [ 126.930391397811178, 37.594337509734189 ], [ 126.930245591047992, 37.594549999977026 ], [ 126.931310757422693, 37.59502365498799 ], [ 126.93159665636702, 37.595412374051868 ], [ 126.932794150524373, 37.596311808816587 ], [ 126.933837914177872, 37.596644929021089 ], [ 126.934518035957922, 37.596632649214158 ], [ 126.937541762197682, 37.597867836676173 ], [ 126.938711935414858, 37.597521018814973 ], [ 126.940877840688316, 37.598715954743355 ], [ 126.941391515380658, 37.60065192625828 ], [ 126.94106695942385, 37.601151238522078 ], [ 126.939836098004733, 37.601869703309504 ], [ 126.939957372689051, 37.603075389917159 ], [ 126.941241767745538, 37.603133778830916 ], [ 126.942130716991613, 37.604940979113522 ], [ 126.9436658538053, 37.605042255207948 ], [ 126.943743692397888, 37.606209065636939 ], [ 126.946212184193854, 37.60739081433681 ], [ 126.94704863489612, 37.608135081246388 ], [ 126.948196026774582, 37.608627199064777 ], [ 126.948722723124959, 37.609024714861604 ], [ 126.949342441978771, 37.610020296157359 ], [ 126.950361861527881, 37.610616516647191 ], [ 126.950329983065984, 37.609108205155323 ], [ 126.950541967015994, 37.608865590383893 ], [ 126.950596276760649, 37.60836021696479 ], [ 126.951447850372375, 37.608014829442958 ], [ 126.951743971225113, 37.60738483479367 ], [ 126.952586220907747, 37.606656517577527 ], [ 126.952710047093504, 37.605913258367572 ], [ 126.953096242680189, 37.605502623490636 ], [ 126.954060541406605, 37.605072516708333 ], [ 126.953566879811262, 37.604479074158967 ], [ 126.953275434611214, 37.603662439771824 ], [ 126.952675361220614, 37.602740082033499 ] ] ] ] } },
{ "type": "Feature", "properties": { "SIG_CD": "11440", "SIG_ENG_NM": "Mapo-gu", "SIG_KOR_NM": "마포구" }, "geometry": { "type": "MultiPolygon", "coordinates": [ [ [ [ 126.88888180909403, 37.584638200543175 ], [ 126.897534315858252, 37.579095507937396 ], [ 126.908791660536963, 37.571451768692746 ], [ 126.918440370632666, 37.567110073086475 ], [ 126.923581071673809, 37.56599719979048 ], [ 126.926013745881377, 37.565104261106441 ], [ 126.928282232152142, 37.563331868377716 ], [ 126.926765504988367, 37.561089148939502 ], [ 126.926596912412606, 37.558849236474074 ], [ 126.936863963677723, 37.55510137529761 ], [ 126.94137197866074, 37.556546089613441 ], [ 126.956190891784118, 37.557406954792327 ], [ 126.959134077565693, 37.557241923416704 ], [ 126.95964189664042, 37.557662758792247 ], [ 126.959796331802636, 37.55754906348546 ], [ 126.960115969358711, 37.557700091806765 ], [ 126.961151492029913, 37.558753482222002 ], [ 126.961689144305183, 37.558982011644574 ], [ 126.961567415027346, 37.558421951328057 ], [ 126.96207599149767, 37.558456188734361 ], [ 126.962804419133917, 37.558066463397807 ], [ 126.963077919072674, 37.558202836478614 ], [ 126.963051976812125, 37.557414452860826 ], [ 126.963436877766796, 37.556853152734917 ], [ 126.962771884617268, 37.556004600147396 ], [ 126.962476800593478, 37.555910178287249 ], [ 126.962147028866639, 37.555537851713389 ], [ 126.96177359188286, 37.554794688917248 ], [ 126.962289342540856, 37.552905313116177 ], [ 126.962349654700603, 37.551512455489224 ], [ 126.963187353273824, 37.550660447024377 ], [ 126.963548779868489, 37.549947375315575 ], [ 126.963898267007934, 37.54976250468642 ], [ 126.963731308276451, 37.548792191963585 ], [ 126.963339560150018, 37.548641996846634 ], [ 126.962241195783037, 37.548622778877423 ], [ 126.962222172650044, 37.548128065231055 ], [ 126.961701213667752, 37.547592368450069 ], [ 126.961076978026057, 37.547418715460729 ], [ 126.960131783919664, 37.546374922618867 ], [ 126.960051328332597, 37.546067998612159 ], [ 126.959316345619968, 37.546042960966084 ], [ 126.958413153337389, 37.545507670896171 ], [ 126.957908217539241, 37.545457642641175 ], [ 126.95781947143476, 37.545141983395887 ], [ 126.958106139278485, 37.544426368205059 ], [ 126.957574064302619, 37.544223168911685 ], [ 126.957408098188225, 37.543226096269848 ], [ 126.957584698464728, 37.542973884302128 ], [ 126.958350204613282, 37.542758775417106 ], [ 126.958176139401203, 37.54231187357459 ], [ 126.95698666246939, 37.541636533729665 ], [ 126.956520834027287, 37.540705235534404 ], [ 126.956639529128083, 37.540590971780112 ], [ 126.95573395089815, 37.539470293925532 ], [ 126.955185539532337, 37.539184582482157 ], [ 126.954095768756943, 37.538932151248005 ], [ 126.953651514796434, 37.538335064282677 ], [ 126.953381167023323, 37.537553343041566 ], [ 126.95128670951685, 37.536289107305407 ], [ 126.949904264405021, 37.536045098907202 ], [ 126.94878638671932, 37.535580737716103 ], [ 126.947845682515421, 37.535618326856458 ], [ 126.947485252172086, 37.535827355115316 ], [ 126.947380321346088, 37.535219983539832 ], [ 126.946423361330091, 37.535735927267382 ], [ 126.946275075308279, 37.535691646260453 ], [ 126.945439785525053, 37.5351824797117 ], [ 126.945562443516067, 37.53498431935752 ], [ 126.945099291375811, 37.534964105970623 ], [ 126.944820133166075, 37.534521359287623 ], [ 126.944931894980101, 37.53423506816555 ], [ 126.944585397424916, 37.533780458546012 ], [ 126.94421946143467, 37.534235003980221 ], [ 126.938558183526467, 37.537834968042517 ], [ 126.932902854712509, 37.540522686294622 ], [ 126.930333323336214, 37.541355700570499 ], [ 126.927649492375451, 37.53907272142304 ], [ 126.927100413162421, 37.539034751252672 ], [ 126.923076121526293, 37.540454120224986 ], [ 126.922834532243357, 37.540618732994552 ], [ 126.922416242620201, 37.541425361131608 ], [ 126.904833284496306, 37.541416422536273 ], [ 126.902199134724725, 37.544104544314393 ], [ 126.901821839555183, 37.545023517150618 ], [ 126.898943221675495, 37.548007558678236 ], [ 126.894683907573665, 37.549392713655941 ], [ 126.888257625834314, 37.552213582704908 ], [ 126.886825066007034, 37.553089259915026 ], [ 126.873042432081348, 37.560049006766349 ], [ 126.868951040880148, 37.562018775791735 ], [ 126.866291335840856, 37.563052184763222 ], [ 126.856070429847463, 37.569442681440528 ], [ 126.855019677046428, 37.570257613731805 ], [ 126.853631777276775, 37.571790102273368 ], [ 126.853628507436724, 37.573798731206168 ], [ 126.859285687660318, 37.57491530139248 ], [ 126.85929409137816, 37.575240513601223 ], [ 126.864941108756966, 37.577472050316288 ], [ 126.86837929377478, 37.57752074786741 ], [ 126.870600454598289, 37.578008079658574 ], [ 126.873915174557453, 37.578280311027171 ], [ 126.876260483705082, 37.578184840488113 ], [ 126.87625918104024, 37.578962507303892 ], [ 126.877076495059171, 37.578902555111121 ], [ 126.877631590074785, 37.579748092687737 ], [ 126.877367418725967, 37.580114966951406 ], [ 126.877417843359098, 37.580639564956613 ], [ 126.87662537453599, 37.581375564424228 ], [ 126.877049600196088, 37.582205766235091 ], [ 126.876987662747382, 37.583387676805089 ], [ 126.877331169575783, 37.584047451864734 ], [ 126.87716491263437, 37.584237889300226 ], [ 126.876623365538308, 37.584164112526551 ], [ 126.876537822721659, 37.584439948738357 ], [ 126.877193301684457, 37.584935624167848 ], [ 126.877542268676436, 37.586247483121824 ], [ 126.878465154432803, 37.586368955510387 ], [ 126.879133019834555, 37.58677199366867 ], [ 126.879437275308192, 37.587874330330294 ], [ 126.880349063808751, 37.589505772707277 ], [ 126.88198632679493, 37.590539627818714 ], [ 126.881886744131606, 37.590639193827883 ], [ 126.882055986961333, 37.590792253266727 ], [ 126.885868624446033, 37.587056684580382 ], [ 126.88888180909403, 37.584638200543175 ] ] ] ] } },
{ "type": "Feature", "properties": { "SIG_CD": "11470", "SIG_ENG_NM": "Yangcheon-gu", "SIG_KOR_NM": "양천구" }, "geometry": { "type": "MultiPolygon", "coordinates": [ [ [ [ 126.874049671107315, 37.54693630093923 ], [ 126.877962604079542, 37.547099538789091 ], [ 126.88025588741047, 37.547735709011356 ], [ 126.879949348571287, 37.548131550495462 ], [ 126.880480047415645, 37.548190660047091 ], [ 126.88081123912896, 37.548076969651511 ], [ 126.882128001219485, 37.546724560385186 ], [ 126.882746087755848, 37.545754654048501 ], [ 126.884092120766852, 37.5446367978059 ], [ 126.884245496453431, 37.543565049686812 ], [ 126.884426658073849, 37.54337602122353 ], [ 126.885086760497146, 37.543313604470335 ], [ 126.885513644544631, 37.54155400030502 ], [ 126.886531661685993, 37.539361918216507 ], [ 126.888260460423652, 37.536714671082969 ], [ 126.889430673088611, 37.535536946641891 ], [ 126.889995967023026, 37.534707955661105 ], [ 126.890153655649556, 37.534111764221201 ], [ 126.890036520228378, 37.533709864859667 ], [ 126.889797189731766, 37.533395624581701 ], [ 126.888693118128089, 37.532805055181285 ], [ 126.888530508692227, 37.532554874102274 ], [ 126.888626611939515, 37.532124327241888 ], [ 126.889086555229483, 37.531908662725918 ], [ 126.890288874111377, 37.5318686978393 ], [ 126.890684284652167, 37.531656209871095 ], [ 126.889540196490103, 37.529996176325334 ], [ 126.888461617051689, 37.530412416975317 ], [ 126.887153853770599, 37.530179998983527 ], [ 126.886002962871117, 37.529445974674381 ], [ 126.884177251223008, 37.528668482377505 ], [ 126.883910414255624, 37.528390026114899 ], [ 126.883747104515848, 37.527586861554596 ], [ 126.883430397866292, 37.527327509556642 ], [ 126.882726820896011, 37.527248804971038 ], [ 126.88135020265959, 37.527777025679363 ], [ 126.880905757989012, 37.527706745626652 ], [ 126.880603265124492, 37.527401233641839 ], [ 126.881173450619031, 37.526521490722281 ], [ 126.880941522518214, 37.525911839739152 ], [ 126.880544781387542, 37.525745029430425 ], [ 126.879284871644657, 37.525715855528105 ], [ 126.878753809287531, 37.525354961100071 ], [ 126.878614339240741, 37.524683521210562 ], [ 126.878860311337391, 37.524087715017281 ], [ 126.878923549979234, 37.522918172578514 ], [ 126.879429115654105, 37.520504876944479 ], [ 126.879103982151051, 37.520023355003815 ], [ 126.878351380857424, 37.519485921909812 ], [ 126.878195773391312, 37.518779316210498 ], [ 126.878739575045472, 37.517941957015353 ], [ 126.879324911896774, 37.517853590677994 ], [ 126.879590903719858, 37.51764466340039 ], [ 126.879316492517347, 37.517488120182037 ], [ 126.87855500346862, 37.517542515914464 ], [ 126.878550725151058, 37.517351049915668 ], [ 126.879002502910083, 37.516902994760436 ], [ 126.878482727868558, 37.516347495263126 ], [ 126.877948447439536, 37.516135482880202 ], [ 126.877584147256542, 37.514663099314795 ], [ 126.877906561326029, 37.513344324896025 ], [ 126.877726206191269, 37.513291481815251 ], [ 126.877255730904224, 37.513727970948921 ], [ 126.876648373113824, 37.513683974550702 ], [ 126.876381603736078, 37.513305264882284 ], [ 126.876394098095972, 37.512813117974581 ], [ 126.876096606097349, 37.512418328320166 ], [ 126.875596343074761, 37.512176220989986 ], [ 126.875181797845954, 37.512449455982683 ], [ 126.873936433586351, 37.511170675909689 ], [ 126.874194329256511, 37.510728898264652 ], [ 126.874677285077581, 37.510749969551682 ], [ 126.874892586219531, 37.511034293733282 ], [ 126.874821949869428, 37.511631128118026 ], [ 126.875180193729847, 37.511830866253781 ], [ 126.875697569979351, 37.511356422170913 ], [ 126.876564591465112, 37.511147293162708 ], [ 126.876844859681924, 37.510838718685058 ], [ 126.876521810785434, 37.510620732580456 ], [ 126.876118161204744, 37.511047710488626 ], [ 126.875523785281047, 37.511072423065769 ], [ 126.87518451630207, 37.510521047303683 ], [ 126.875603262245676, 37.509740438451857 ], [ 126.87551345312535, 37.509548322278995 ], [ 126.87501338125962, 37.509305924262726 ], [ 126.874222447056326, 37.509470065134586 ], [ 126.873799540962963, 37.509060222783532 ], [ 126.873900935426192, 37.508669245699927 ], [ 126.874800603832213, 37.508260539920272 ], [ 126.875035518947683, 37.507708363427255 ], [ 126.874213089104316, 37.507174765528511 ], [ 126.87434254531864, 37.506799864931772 ], [ 126.874712467051026, 37.506667365511426 ], [ 126.874171364087005, 37.505311908872173 ], [ 126.873705606382032, 37.504756445562585 ], [ 126.873580414676951, 37.50356024487666 ], [ 126.871865891302093, 37.504126842061396 ], [ 126.871469254478569, 37.504688691572419 ], [ 126.871448631303238, 37.505070178184717 ], [ 126.871015159388506, 37.505269613416729 ], [ 126.870630828339912, 37.505759105489886 ], [ 126.870256222875327, 37.505845690145513 ], [ 126.869012855243938, 37.504852078827518 ], [ 126.867963303292711, 37.50488327880047 ], [ 126.867139080905957, 37.505294271083734 ], [ 126.866568825506818, 37.505199854258407 ], [ 126.866047994271483, 37.505525022716618 ], [ 126.865437885320262, 37.505572750108001 ], [ 126.864843368745582, 37.505504209689015 ], [ 126.86455166565969, 37.504992276601804 ], [ 126.863513436192591, 37.505014440190521 ], [ 126.86313930936133, 37.505317242181796 ], [ 126.862836508248733, 37.505938854463267 ], [ 126.862763204566619, 37.506399970776336 ], [ 126.862942273204155, 37.506558981694184 ], [ 126.862583841343465, 37.506778737335821 ], [ 126.864082016680314, 37.508339493721614 ], [ 126.863167852837947, 37.507849644887749 ], [ 126.862699498976923, 37.507400281883811 ], [ 126.86031598439213, 37.506616121438576 ], [ 126.858327976119327, 37.509917854664451 ], [ 126.855612678433914, 37.509155442603848 ], [ 126.855195942679387, 37.509711013187115 ], [ 126.852867090996398, 37.51068596597139 ], [ 126.85139059649957, 37.51012829215761 ], [ 126.850756570336259, 37.510010075859114 ], [ 126.850086710577699, 37.51013479993609 ], [ 126.848713804924927, 37.508883458107448 ], [ 126.847294201139277, 37.50948472231557 ], [ 126.846620908474748, 37.509047984364045 ], [ 126.846234744489038, 37.508976523911649 ], [ 126.846284774948373, 37.508542417467211 ], [ 126.846051024019857, 37.508086268873498 ], [ 126.845057961751309, 37.507529718608062 ], [ 126.844382073130717, 37.50648985510923 ], [ 126.844677165052303, 37.505740446647579 ], [ 126.843584375539507, 37.505820359794555 ], [ 126.842428494842252, 37.505480655688544 ], [ 126.840744974153893, 37.506042625854718 ], [ 126.840498870864707, 37.505522532586511 ], [ 126.840117130862367, 37.505377284515603 ], [ 126.839951193943335, 37.5048846087725 ], [ 126.839589594972708, 37.504495838011437 ], [ 126.838795524595412, 37.504545148693857 ], [ 126.838489717361085, 37.504424218716061 ], [ 126.83815106449795, 37.503811919779238 ], [ 126.837494517366849, 37.50327970099854 ], [ 126.836918171524616, 37.503320291201675 ], [ 126.836393879328924, 37.503079669030285 ], [ 126.835246811251338, 37.502869425249393 ], [ 126.83399368919784, 37.503378970849454 ], [ 126.833622737489279, 37.503870893242933 ], [ 126.832007901112334, 37.504679205232044 ], [ 126.831186667900354, 37.505869304049597 ], [ 126.830565818078981, 37.506356071732064 ], [ 126.831025361228455, 37.508030904599117 ], [ 126.830646222341002, 37.508220692298345 ], [ 126.829492715658944, 37.508319812646171 ], [ 126.82811089022924, 37.508799546056387 ], [ 126.82698851309118, 37.508503096190559 ], [ 126.827049410779154, 37.509215820130336 ], [ 126.826416555174191, 37.509449142772894 ], [ 126.827074855264797, 37.510359564162762 ], [ 126.824060159774376, 37.510481213305084 ], [ 126.823856701620059, 37.510875084203683 ], [ 126.824408124833028, 37.513176550804161 ], [ 126.824255734597457, 37.514467565854481 ], [ 126.823401309317433, 37.514953376675194 ], [ 126.823104555357659, 37.516220241624502 ], [ 126.824496193035415, 37.517715725536938 ], [ 126.825617385049426, 37.520079979781286 ], [ 126.825654396358146, 37.52103002541925 ], [ 126.825480360258567, 37.521752525793907 ], [ 126.825660753548021, 37.5222351147385 ], [ 126.825137345325444, 37.523005522206027 ], [ 126.82582079479198, 37.52370819891938 ], [ 126.826506930569209, 37.524932316755745 ], [ 126.827959032037569, 37.525688194766715 ], [ 126.828258637919888, 37.526299904768088 ], [ 126.828837402054177, 37.526515864563422 ], [ 126.828427761521411, 37.526702779732801 ], [ 126.827939176955468, 37.52800315128902 ], [ 126.827875053156632, 37.528364868914679 ], [ 126.828213973650364, 37.529029281586013 ], [ 126.827069754538186, 37.529708693837904 ], [ 126.825312588973929, 37.529958922057389 ], [ 126.824735507294733, 37.530600296478241 ], [ 126.824578841114317, 37.531216962667763 ], [ 126.823430727638211, 37.5326165689889 ], [ 126.823552805381041, 37.533763265935818 ], [ 126.822702865333795, 37.533754657072208 ], [ 126.822622952104453, 37.534201094889802 ], [ 126.821868003848635, 37.534903002192593 ], [ 126.822434031107278, 37.53654309979747 ], [ 126.822321826147444, 37.537923978908481 ], [ 126.821590568596434, 37.539711903012581 ], [ 126.822054330250225, 37.540660902103305 ], [ 126.825387378057954, 37.541680093911438 ], [ 126.825356544325118, 37.54208888167372 ], [ 126.826082191262842, 37.542966734330733 ], [ 126.826080693340359, 37.543301783623434 ], [ 126.8257148703957, 37.543912228560799 ], [ 126.825740659335324, 37.544302224791871 ], [ 126.826013165562685, 37.544884057454944 ], [ 126.826960094193467, 37.545965235182621 ], [ 126.827584482458377, 37.547682263965051 ], [ 126.827977828879568, 37.547560082743132 ], [ 126.829758646169736, 37.547732180669101 ], [ 126.830106575588658, 37.546207480580392 ], [ 126.830455696140518, 37.545774664404199 ], [ 126.829682823344456, 37.544096014656731 ], [ 126.830233570233489, 37.542632704380338 ], [ 126.830010653407498, 37.54252151389182 ], [ 126.829985094425211, 37.541656173835044 ], [ 126.830310101375019, 37.541482078399987 ], [ 126.830544075655794, 37.541759472188446 ], [ 126.833102514354721, 37.541849310297088 ], [ 126.83373412154198, 37.539842124689159 ], [ 126.835160502048367, 37.537532531030259 ], [ 126.835108901480311, 37.536730863752268 ], [ 126.834412786060184, 37.536455636867103 ], [ 126.84048705607114, 37.526484172856257 ], [ 126.848870712871218, 37.527897476857589 ], [ 126.863973028584752, 37.529788970218043 ], [ 126.863440078836746, 37.536104309145998 ], [ 126.863777575409713, 37.540710737264206 ], [ 126.863433966549252, 37.541720293644865 ], [ 126.862276050733087, 37.54365606572248 ], [ 126.862115120235103, 37.544356117263739 ], [ 126.864207666300544, 37.551152038854269 ], [ 126.864460826835639, 37.551240089405653 ], [ 126.865752764396234, 37.550653208199442 ], [ 126.87100015174623, 37.547569862254633 ], [ 126.872430469811022, 37.5471147402138 ], [ 126.874049671107315, 37.54693630093923 ] ] ] ] } },
{ "type": "Feature", "properties": { "SIG_CD": "11500", "SIG_ENG_NM": "Gangseo-gu", "SIG_KOR_NM": "강서구" }, "geometry": { "type": "MultiPolygon", "coordinates": [ [ [ [ 126.809021159509825, 37.600643260549958 ], [ 126.811368640049906, 37.598960823715402 ], [ 126.81395295357872, 37.597619404679179 ], [ 126.816555986549915, 37.595681606516969 ], [ 126.817525708465737, 37.595330333255184 ], [ 126.8193022510074, 37.59284975454792 ], [ 126.827811483966684, 37.587484836573914 ], [ 126.831759371181576, 37.585843184150576 ], [ 126.837148867260368, 37.582563343252232 ], [ 126.838097660068868, 37.581792912683092 ], [ 126.843239947880903, 37.578879041480853 ], [ 126.848380998979124, 37.575157145591191 ], [ 126.853522064130345, 37.5718959318774 ], [ 126.85501947547715, 37.570258003060452 ], [ 126.856070228179334, 37.569443070843789 ], [ 126.863825143396312, 37.564489891345787 ], [ 126.866291133219406, 37.563052574745058 ], [ 126.869060219319948, 37.561966923166487 ], [ 126.880463705724068, 37.556269426066201 ], [ 126.879237014846026, 37.554746895107947 ], [ 126.879217169023079, 37.553151284506953 ], [ 126.87824427203671, 37.553581333484416 ], [ 126.877928333320085, 37.553336609703926 ], [ 126.878047731711732, 37.551700878944381 ], [ 126.879327273036708, 37.5501553175745 ], [ 126.880355925423558, 37.548456604628853 ], [ 126.880791660600764, 37.548088203295002 ], [ 126.879949070831813, 37.548131550494034 ], [ 126.880255609670968, 37.54773570900992 ], [ 126.877955425466624, 37.547098405328441 ], [ 126.874174572557919, 37.546935030447045 ], [ 126.872430192071519, 37.547114740212365 ], [ 126.87065607151041, 37.547717856926987 ], [ 126.86575248665676, 37.550653208198007 ], [ 126.864460549096194, 37.551240089404239 ], [ 126.864207388561098, 37.551152038852848 ], [ 126.862114842495657, 37.544356117262332 ], [ 126.862275772993627, 37.543656065721031 ], [ 126.863433688809806, 37.541720293643429 ], [ 126.863777297670268, 37.540710737262806 ], [ 126.863439801097286, 37.536104309144577 ], [ 126.863972750845321, 37.529788970216607 ], [ 126.848870435131801, 37.527897476856197 ], [ 126.840477234960801, 37.526487259261636 ], [ 126.834412508320767, 37.536455636865718 ], [ 126.835108623740865, 37.536730863750897 ], [ 126.83516022430895, 37.537532531028866 ], [ 126.833733843802563, 37.539842124687759 ], [ 126.833102236615304, 37.541849310295717 ], [ 126.830543797916377, 37.54175947218706 ], [ 126.830309823635574, 37.54148207839858 ], [ 126.829984816685823, 37.541656173833665 ], [ 126.830010375668124, 37.542521513890414 ], [ 126.830233292494015, 37.542632704378931 ], [ 126.829682545605039, 37.544096014655331 ], [ 126.830455418401073, 37.545774664402799 ], [ 126.830106297849241, 37.546207480579014 ], [ 126.829758368430348, 37.547732180667715 ], [ 126.827977551140137, 37.547560082741704 ], [ 126.82758420471896, 37.547682263963644 ], [ 126.826959816454064, 37.545965235181221 ], [ 126.826012887823268, 37.544884057453558 ], [ 126.825740381595907, 37.544302224790485 ], [ 126.825714592656283, 37.543912228559435 ], [ 126.826080415600941, 37.543301783622049 ], [ 126.826081913523424, 37.542966734329347 ], [ 126.825356266585729, 37.542088881672342 ], [ 126.825387100318537, 37.541680093910067 ], [ 126.822121019184479, 37.540677897435444 ], [ 126.81931951435223, 37.540743993947331 ], [ 126.816312133192511, 37.540551801574033 ], [ 126.812333931705879, 37.540736677027532 ], [ 126.810559734111408, 37.541515142974447 ], [ 126.806240416930152, 37.544407585056703 ], [ 126.806215946069287, 37.544301678201656 ], [ 126.807324586091141, 37.543590597660206 ], [ 126.804411235323556, 37.543246773241137 ], [ 126.801849717122067, 37.542715949154896 ], [ 126.799652832586361, 37.541388325479382 ], [ 126.800545795384863, 37.541469252809854 ], [ 126.800661399713121, 37.541280241395853 ], [ 126.800300100209398, 37.541186707151006 ], [ 126.800332804643304, 37.540856774931925 ], [ 126.800781906715585, 37.541043368545886 ], [ 126.800814344066694, 37.540812265432017 ], [ 126.799273341629387, 37.540631970035641 ], [ 126.799361865101957, 37.54019373540379 ], [ 126.798861263294583, 37.54029254504993 ], [ 126.798736040169359, 37.539398664040164 ], [ 126.799242495954232, 37.539287755607553 ], [ 126.799426373141657, 37.539019178583011 ], [ 126.799442115188683, 37.538887994162572 ], [ 126.79914579674778, 37.538891144789027 ], [ 126.799462042170475, 37.537725749400877 ], [ 126.799087862896215, 37.537565182641494 ], [ 126.79825391970742, 37.537705097802913 ], [ 126.798349556837223, 37.53725223484556 ], [ 126.798167614511613, 37.53732512726733 ], [ 126.79780983412401, 37.537048293713113 ], [ 126.797006125559207, 37.537060140244606 ], [ 126.796617091193383, 37.536774248039698 ], [ 126.796041719676595, 37.536749597355936 ], [ 126.794424892483804, 37.535828888071059 ], [ 126.793963122320676, 37.537360321683018 ], [ 126.794223085093989, 37.538291898778461 ], [ 126.793935668105419, 37.53942354343058 ], [ 126.793884752755631, 37.539549592678291 ], [ 126.79326218130042, 37.539702791180595 ], [ 126.79437611759613, 37.54023408250513 ], [ 126.79494420098203, 37.541372019971185 ], [ 126.793017186578382, 37.541594439798558 ], [ 126.7918098471322, 37.541902864518214 ], [ 126.791535679374533, 37.542831244612401 ], [ 126.791818998163663, 37.543746253381421 ], [ 126.790759687485803, 37.543839818516695 ], [ 126.789385208510026, 37.544462978144935 ], [ 126.788192242904131, 37.545165853975682 ], [ 126.787260518836206, 37.54607641961536 ], [ 126.785481666022775, 37.546004757565193 ], [ 126.784474756314438, 37.546120607528202 ], [ 126.783394603917301, 37.54600852536484 ], [ 126.782038070431653, 37.546327548190696 ], [ 126.781836027443077, 37.546068705536605 ], [ 126.778746842247756, 37.546713036542677 ], [ 126.777562738490985, 37.546711923074085 ], [ 126.776743331736071, 37.548204324126708 ], [ 126.775293080821726, 37.548971621368267 ], [ 126.772580148154034, 37.548753245855551 ], [ 126.771956792687348, 37.548377566501202 ], [ 126.771551540872466, 37.548317925372231 ], [ 126.771351305631157, 37.5486295028252 ], [ 126.770992552953842, 37.548745652331071 ], [ 126.770843216536917, 37.549350429056652 ], [ 126.769921929184903, 37.550175004008914 ], [ 126.769840364539121, 37.550648989492018 ], [ 126.770267443926897, 37.551086526977514 ], [ 126.769788848725653, 37.551066722042641 ], [ 126.769388812007065, 37.55131736629717 ], [ 126.769320303447884, 37.551572049275649 ], [ 126.76807882596971, 37.551571286382718 ], [ 126.76804878480408, 37.551794789344548 ], [ 126.76746477590487, 37.551950738638517 ], [ 126.76771364635519, 37.552833074349657 ], [ 126.76736984551026, 37.55313197183014 ], [ 126.767624995619073, 37.553530327012865 ], [ 126.767287304357296, 37.553683942911704 ], [ 126.767641176938113, 37.553954661572156 ], [ 126.767552069521798, 37.554174668602883 ], [ 126.766726983930681, 37.554064912284119 ], [ 126.766365073719541, 37.553763487219697 ], [ 126.766204078106725, 37.554242375208872 ], [ 126.76633631211169, 37.554870798714994 ], [ 126.764783805775721, 37.555074644356203 ], [ 126.764494583336543, 37.555275092641189 ], [ 126.764558941706525, 37.555443877790083 ], [ 126.766008735699216, 37.556133781760387 ], [ 126.766724336450096, 37.556315683788576 ], [ 126.76675151816579, 37.556504098399621 ], [ 126.766284079934806, 37.556917063973991 ], [ 126.766618828540388, 37.55697432143775 ], [ 126.767350095894798, 37.556619325047187 ], [ 126.76873533126313, 37.556816614411545 ], [ 126.76899458152505, 37.55709644051602 ], [ 126.769867026323382, 37.557230483453083 ], [ 126.772430753138835, 37.557012770039812 ], [ 126.773183909776264, 37.557527512740755 ], [ 126.771771135491463, 37.558631861184601 ], [ 126.772445856403351, 37.558722703255363 ], [ 126.772742083097185, 37.559408595892513 ], [ 126.773191988300084, 37.559286427862979 ], [ 126.773590709262109, 37.560057254356863 ], [ 126.774186712025269, 37.559695476519401 ], [ 126.774288740058168, 37.559755930967341 ], [ 126.774164964987705, 37.560159163979968 ], [ 126.774448125185259, 37.560436194930489 ], [ 126.774808302316742, 37.560456879956703 ], [ 126.774662887285643, 37.560703813626766 ], [ 126.774932866977153, 37.560901981663243 ], [ 126.774679062219718, 37.561319327276507 ], [ 126.775459135781986, 37.56143316748026 ], [ 126.775534520705889, 37.561828340705198 ], [ 126.77575824570927, 37.561941392110342 ], [ 126.775886090973785, 37.561770448884687 ], [ 126.776108631575013, 37.561863504454166 ], [ 126.777181328334564, 37.560703273579165 ], [ 126.777347833786934, 37.560315885838349 ], [ 126.777841841216173, 37.559933056012333 ], [ 126.777929743552093, 37.560286580857081 ], [ 126.777509248787752, 37.562282318077351 ], [ 126.776948440013953, 37.562229725302359 ], [ 126.776631977927323, 37.562374127877241 ], [ 126.776742740914329, 37.563239845160041 ], [ 126.777101363233641, 37.563719456064547 ], [ 126.776106670564914, 37.564806070703831 ], [ 126.775942578690518, 37.565205849556392 ], [ 126.775751140082761, 37.565350200158143 ], [ 126.775342622513492, 37.565343507825006 ], [ 126.775575150783084, 37.565592003714272 ], [ 126.775131785481094, 37.565879479208505 ], [ 126.774761912604006, 37.567708330843864 ], [ 126.775530302009912, 37.56826109066931 ], [ 126.77540138493984, 37.567318475071623 ], [ 126.776333237085808, 37.567091910006781 ], [ 126.776570887532415, 37.566106629561979 ], [ 126.776722273797631, 37.566051164831535 ], [ 126.777196451630402, 37.566629265808658 ], [ 126.777808178395105, 37.566993911515773 ], [ 126.779003084966519, 37.567154689130938 ], [ 126.779170310168666, 37.568316718186189 ], [ 126.7803180658575, 37.567504039936026 ], [ 126.780542237915469, 37.56789160462845 ], [ 126.780474037641369, 37.568287064094385 ], [ 126.780933333868632, 37.568713639195195 ], [ 126.781360363430849, 37.568925041826347 ], [ 126.781625552029865, 37.568901605832004 ], [ 126.781897998109557, 37.569236036508784 ], [ 126.781803464292395, 37.569388469686601 ], [ 126.78112384671094, 37.569601466530465 ], [ 126.780995812473634, 37.569897426685017 ], [ 126.780484440867681, 37.570274884625981 ], [ 126.780520670732969, 37.570463880233802 ], [ 126.781487019876408, 37.570181595197283 ], [ 126.78239345916711, 37.570301256151303 ], [ 126.782629915417999, 37.570547492813013 ], [ 126.781374632668118, 37.571349568229387 ], [ 126.781899297312307, 37.571808354371804 ], [ 126.782181188953118, 37.572666229551345 ], [ 126.782139562797639, 37.57316901039416 ], [ 126.782408012612791, 37.573606207685742 ], [ 126.783994086358689, 37.574198160041092 ], [ 126.785248874784401, 37.574861842798619 ], [ 126.787613957747453, 37.575583561380206 ], [ 126.788045468437872, 37.576168856720692 ], [ 126.788594997858439, 37.57574553903865 ], [ 126.789201813662629, 37.575581075824957 ], [ 126.78846995447752, 37.576798349105545 ], [ 126.789342547970122, 37.577723421438776 ], [ 126.789954821628115, 37.577631610672803 ], [ 126.790016116435822, 37.577349595005067 ], [ 126.790594537533906, 37.577783670371481 ], [ 126.790817430770744, 37.578972242465234 ], [ 126.790685527114306, 37.579014245147938 ], [ 126.790821124707961, 37.57954156342381 ], [ 126.790727538923875, 37.580612433048024 ], [ 126.791260006218948, 37.580920564335841 ], [ 126.791348656521151, 37.581413731989478 ], [ 126.79160064090361, 37.581317603791888 ], [ 126.792373691686322, 37.579727611537074 ], [ 126.792736769153592, 37.576838912055038 ], [ 126.793218981002227, 37.5768938229781 ], [ 126.793254205437691, 37.578533678217767 ], [ 126.793066587348903, 37.578639212831888 ], [ 126.792846173626188, 37.580168245390361 ], [ 126.793309932570693, 37.580247053475638 ], [ 126.793822061241471, 37.581827778239997 ], [ 126.793911962359005, 37.582961483004709 ], [ 126.793731488921779, 37.583038596080002 ], [ 126.793440788404439, 37.58451964458429 ], [ 126.793783056479597, 37.584469278712724 ], [ 126.794224286805004, 37.58407164813034 ], [ 126.794540623067292, 37.583547947461248 ], [ 126.794409090985312, 37.5826853035082 ], [ 126.794697608941135, 37.582622181813456 ], [ 126.794928006935791, 37.583426146220383 ], [ 126.794932822041829, 37.585203066731545 ], [ 126.795243965560488, 37.58521544075154 ], [ 126.795217237325375, 37.58534997403644 ], [ 126.79554008325124, 37.585154573766069 ], [ 126.795721519741136, 37.583120638923795 ], [ 126.796299526031348, 37.583738251835875 ], [ 126.797097112568153, 37.584273189581701 ], [ 126.796294029589362, 37.584903332040312 ], [ 126.796428645589756, 37.585030830003177 ], [ 126.796684964375501, 37.584908515949614 ], [ 126.797227282687402, 37.58538556276828 ], [ 126.79759828845738, 37.586405442422347 ], [ 126.798767882006445, 37.588072871619872 ], [ 126.799139767056033, 37.588195142577476 ], [ 126.800497741260614, 37.587793993393781 ], [ 126.80073787533199, 37.587834946349552 ], [ 126.800940071684238, 37.588166122313453 ], [ 126.800821424433082, 37.588276570460415 ], [ 126.800998900106677, 37.588529706112148 ], [ 126.800773368169459, 37.589041477920773 ], [ 126.801098381893567, 37.588967140437923 ], [ 126.801227033337682, 37.589348862274989 ], [ 126.800519997417737, 37.590308901716945 ], [ 126.800086796877906, 37.590351527608881 ], [ 126.799449373297293, 37.591134852245737 ], [ 126.798800994568111, 37.591322667704361 ], [ 126.798992437152492, 37.592426133034493 ], [ 126.799611251834378, 37.592442960347164 ], [ 126.800049543541803, 37.592028410091068 ], [ 126.800286934555672, 37.592041771165825 ], [ 126.800501237868161, 37.592413224217736 ], [ 126.798659471729067, 37.5936675122054 ], [ 126.797607895661457, 37.594882306292661 ], [ 126.79708221470878, 37.597738925802297 ], [ 126.797483690924722, 37.597669506048291 ], [ 126.797535915598743, 37.597785597772159 ], [ 126.797642066131658, 37.599282825971564 ], [ 126.798052686139599, 37.600208158189766 ], [ 126.798173718883859, 37.600336477373908 ], [ 126.798534818848864, 37.600086517860149 ], [ 126.799218187914633, 37.601119315253271 ], [ 126.799965979206036, 37.601496466122626 ], [ 126.799785617803224, 37.601912024081258 ], [ 126.799940683982371, 37.602544660935664 ], [ 126.802581115447808, 37.605032750076887 ], [ 126.805863579827104, 37.602580251819653 ], [ 126.809021159509825, 37.600643260549958 ] ] ] ] } },
{ "type": "Feature", "properties": { "SIG_CD": "11530", "SIG_ENG_NM": "Guro-gu", "SIG_KOR_NM": "구로구" }, "geometry": { "type": "MultiPolygon", "coordinates": [ [ [ [ 126.879484283631371, 37.517775206651272 ], [ 126.881729325837384, 37.516419821486544 ], [ 126.882016324070122, 37.51610335812714 ], [ 126.882680795928124, 37.515810078610741 ], [ 126.882707311159763, 37.515138295750113 ], [ 126.884310125955068, 37.514355471883995 ], [ 126.884415240306225, 37.513811879063333 ], [ 126.887504793347489, 37.513186177289974 ], [ 126.888611294793634, 37.512258646237399 ], [ 126.8897054637238, 37.512232927382101 ], [ 126.889674088317449, 37.511823241630722 ], [ 126.890235883837121, 37.511369048274794 ], [ 126.890672378925899, 37.510667230924156 ], [ 126.891089045157386, 37.51034496524106 ], [ 126.891476014070989, 37.510387556063826 ], [ 126.891885699416406, 37.510117628960138 ], [ 126.892968013372425, 37.507399320505932 ], [ 126.89301233049153, 37.50693506834746 ], [ 126.893254599178519, 37.50670073400363 ], [ 126.893974851147007, 37.505009778233578 ], [ 126.893778035181413, 37.504730577974918 ], [ 126.893169098943602, 37.504601628901817 ], [ 126.893303440956814, 37.503954159971762 ], [ 126.892693489262015, 37.50331417058527 ], [ 126.89313353091319, 37.502676551506902 ], [ 126.892731864309255, 37.502073081328689 ], [ 126.892932792089596, 37.501574888127244 ], [ 126.892760859097791, 37.500842398700314 ], [ 126.892925722718957, 37.500357416873364 ], [ 126.893624808110545, 37.499585739643742 ], [ 126.894042798795397, 37.498161128447542 ], [ 126.894600497320198, 37.495159623473427 ], [ 126.895700986201149, 37.4908524315113 ], [ 126.896013015723341, 37.490209621952403 ], [ 126.896124316890408, 37.489338562496663 ], [ 126.898145978122912, 37.486932146250986 ], [ 126.901712744786138, 37.485227240256741 ], [ 126.903198618289721, 37.485002686207224 ], [ 126.899761139855826, 37.480774928188367 ], [ 126.898990496832283, 37.479148792374247 ], [ 126.89584857979483, 37.47850660168546 ], [ 126.895085283061434, 37.478504790395483 ], [ 126.88988125382194, 37.479389727519944 ], [ 126.888785238229246, 37.479789632603136 ], [ 126.887730153091525, 37.480440721016478 ], [ 126.886155345836954, 37.482349595705998 ], [ 126.882724004312294, 37.484748768391938 ], [ 126.88135373123329, 37.485558553553638 ], [ 126.878462882042641, 37.486662123780384 ], [ 126.877624127962832, 37.486080381412172 ], [ 126.87455644219213, 37.485366749268842 ], [ 126.875022620733162, 37.48601427563365 ], [ 126.875139160437115, 37.486792359990581 ], [ 126.875974256687428, 37.486911227212076 ], [ 126.876688732998701, 37.48785269138115 ], [ 126.876790354023058, 37.488570778553935 ], [ 126.876043466832627, 37.489047238384352 ], [ 126.875816823176777, 37.489028130544405 ], [ 126.875189449342557, 37.488507133999811 ], [ 126.874716014281475, 37.488577301297276 ], [ 126.874344163089475, 37.488860148978837 ], [ 126.873269528079476, 37.488298105978814 ], [ 126.872748472873283, 37.488430734080815 ], [ 126.872413714505598, 37.489330800982245 ], [ 126.872839221293916, 37.490014340077238 ], [ 126.873752737168687, 37.49047567919024 ], [ 126.874090639698252, 37.490214474898927 ], [ 126.87411046915382, 37.48977723212721 ], [ 126.87432243905009, 37.489695523594477 ], [ 126.874651239627866, 37.489898872337129 ], [ 126.8744536993769, 37.490426871114259 ], [ 126.874839558522112, 37.490745464445652 ], [ 126.874130072205631, 37.491337667435609 ], [ 126.873297693612059, 37.490845443012823 ], [ 126.872716985905356, 37.490819475286017 ], [ 126.872254635250172, 37.490602442146077 ], [ 126.871567964133845, 37.490761337015506 ], [ 126.87154776429449, 37.490085285792425 ], [ 126.871342372969735, 37.489833626714081 ], [ 126.87065821254555, 37.489560877168813 ], [ 126.87022812331243, 37.489596160722897 ], [ 126.870233404221054, 37.490112835840151 ], [ 126.869680378303954, 37.490430948663004 ], [ 126.869993118961418, 37.491024263024812 ], [ 126.86929819341718, 37.491851830222068 ], [ 126.86946292730245, 37.492112754654059 ], [ 126.870022395416058, 37.492262043524221 ], [ 126.870013530139232, 37.492481372921667 ], [ 126.869368924263384, 37.49271744530801 ], [ 126.86958044091871, 37.493106805228102 ], [ 126.870066895202356, 37.493485767088202 ], [ 126.870016591247293, 37.493657180247574 ], [ 126.86950267552379, 37.494328401016645 ], [ 126.868229453838907, 37.49512831090474 ], [ 126.866786782164226, 37.494242569373405 ], [ 126.867035723900912, 37.493954533319098 ], [ 126.867613481271562, 37.494258429757551 ], [ 126.867780769304503, 37.494075887633642 ], [ 126.867764687550462, 37.49358227512878 ], [ 126.867370000348288, 37.493074466047709 ], [ 126.867042052162404, 37.492884604104454 ], [ 126.866602098047437, 37.492891986279517 ], [ 126.866686073400246, 37.492663453598915 ], [ 126.86620480680449, 37.492555342115082 ], [ 126.865404038438953, 37.491508136888207 ], [ 126.865053624119582, 37.491541240846068 ], [ 126.86455544547357, 37.491021184190551 ], [ 126.864518194368713, 37.491203025755297 ], [ 126.862811087727479, 37.490828236468616 ], [ 126.861768207167813, 37.490326123927758 ], [ 126.857971031434914, 37.486084620095014 ], [ 126.857449170763687, 37.48579453864879 ], [ 126.85572971197368, 37.485498180975441 ], [ 126.855165028007463, 37.485170870318719 ], [ 126.853864053063461, 37.482838489854501 ], [ 126.853637111169832, 37.482621686597376 ], [ 126.853155362537493, 37.482622208947681 ], [ 126.852958671695049, 37.482477504391376 ], [ 126.853128420486399, 37.48230738351748 ], [ 126.852700466739265, 37.481818620068566 ], [ 126.850701817365788, 37.481525513257466 ], [ 126.848134169974131, 37.482097154692973 ], [ 126.847015765210969, 37.48191013653426 ], [ 126.846517174429934, 37.481598935652244 ], [ 126.845986778885219, 37.480695544077449 ], [ 126.845360550665362, 37.473812464470093 ], [ 126.844955164941354, 37.473472376503295 ], [ 126.844490954228334, 37.473979979682113 ], [ 126.844249787134487, 37.474599944635479 ], [ 126.844048326547622, 37.474472968471794 ], [ 126.843535570123848, 37.474540426837478 ], [ 126.842781642069667, 37.474971618000957 ], [ 126.840825290919739, 37.474657560645653 ], [ 126.840108606705357, 37.474763298529176 ], [ 126.839567695929546, 37.475191939786519 ], [ 126.838300736933448, 37.475392075040986 ], [ 126.837204724470141, 37.474881210926661 ], [ 126.836179649545528, 37.474808827249078 ], [ 126.835725028136579, 37.474383872576084 ], [ 126.834640157403385, 37.47436264061146 ], [ 126.834872003965259, 37.475751059795108 ], [ 126.833480082753553, 37.47715577696377 ], [ 126.831748170614787, 37.477651401891187 ], [ 126.830457591154456, 37.477339533207356 ], [ 126.829621643257141, 37.476895694279882 ], [ 126.829204420134417, 37.476195693400904 ], [ 126.827872118782906, 37.475989612258672 ], [ 126.826117851790755, 37.476221561015898 ], [ 126.824173046633234, 37.476194727683342 ], [ 126.823950703662192, 37.476472848210513 ], [ 126.823654216971477, 37.476131445434241 ], [ 126.823148340533365, 37.476121952214704 ], [ 126.823180368744147, 37.475945728670403 ], [ 126.822107374827993, 37.475748434005332 ], [ 126.821913466480083, 37.475286078937096 ], [ 126.821717547464445, 37.475220467409493 ], [ 126.821779496970919, 37.476203499994291 ], [ 126.819423448261816, 37.476328006205286 ], [ 126.819143238082304, 37.476205938915975 ], [ 126.819055914489681, 37.47593690931626 ], [ 126.819069296856597, 37.475449812662518 ], [ 126.819412645858009, 37.475179492279231 ], [ 126.818321229395295, 37.475299161166809 ], [ 126.818632624669021, 37.474080759808771 ], [ 126.817918363727372, 37.473689122131375 ], [ 126.81764049669664, 37.47318778726958 ], [ 126.817076253323435, 37.473287991313597 ], [ 126.816953053086806, 37.473678887695954 ], [ 126.81656242711729, 37.473994195106897 ], [ 126.815473486702331, 37.474050483183973 ], [ 126.814628544891534, 37.474649442085386 ], [ 126.814964867766804, 37.475860117320856 ], [ 126.815295532095803, 37.476362118093839 ], [ 126.816108737049561, 37.47674491673834 ], [ 126.816071877826914, 37.477080463760224 ], [ 126.816411496255284, 37.477537146015656 ], [ 126.817210431231643, 37.478135587245575 ], [ 126.818256295103893, 37.478164225899349 ], [ 126.819367362946849, 37.479863501304386 ], [ 126.819986458366145, 37.481644209296903 ], [ 126.819555423020944, 37.482516957960684 ], [ 126.819390611196411, 37.483309304861884 ], [ 126.81957333806568, 37.483652245703269 ], [ 126.819307581086818, 37.484183146870706 ], [ 126.819491557990688, 37.484808499119261 ], [ 126.819289959571506, 37.485475207543033 ], [ 126.821292028817467, 37.486177399996834 ], [ 126.821636787051929, 37.48651551190747 ], [ 126.82239065947762, 37.486723328491415 ], [ 126.823587119671885, 37.487742418836071 ], [ 126.823010735391819, 37.488150377933891 ], [ 126.823047065184355, 37.489291043874104 ], [ 126.822762393656618, 37.489979310261141 ], [ 126.821512973426238, 37.490329649950439 ], [ 126.820963052414186, 37.49066668548997 ], [ 126.820793765130759, 37.490527321436545 ], [ 126.820976169361671, 37.490793413018984 ], [ 126.820209665342972, 37.490748594883485 ], [ 126.81857411098791, 37.491559225218388 ], [ 126.817889347636253, 37.49153563797892 ], [ 126.815872667545136, 37.492626073623086 ], [ 126.815488371541065, 37.493201531601457 ], [ 126.814574934235495, 37.493193332339729 ], [ 126.814317683206724, 37.493758878189936 ], [ 126.814352771527339, 37.494425095930104 ], [ 126.813867457923308, 37.494898206154339 ], [ 126.813012397939985, 37.496400655870538 ], [ 126.814036600340032, 37.497351712159684 ], [ 126.814282917759542, 37.498268039115423 ], [ 126.814642458255136, 37.49800224641055 ], [ 126.815141961592161, 37.4980095136278 ], [ 126.81577225525875, 37.497644196591963 ], [ 126.816096663004956, 37.497643859242871 ], [ 126.817582661529556, 37.498227325697222 ], [ 126.818208570791242, 37.498855897488532 ], [ 126.818912446297674, 37.498748867798724 ], [ 126.81964020389664, 37.49921062547245 ], [ 126.819415319293157, 37.500788997903911 ], [ 126.820000410077569, 37.501434390742574 ], [ 126.821564452133714, 37.502156455063748 ], [ 126.821563544964761, 37.502902028835237 ], [ 126.821976250589245, 37.503895726694211 ], [ 126.821826988055562, 37.504537739360352 ], [ 126.822020064832373, 37.505080883466157 ], [ 126.822550536771047, 37.505685076792922 ], [ 126.82222289017345, 37.507687324079718 ], [ 126.826273590479161, 37.508768111004343 ], [ 126.826921742500886, 37.508491464771041 ], [ 126.828110890208436, 37.508799555066297 ], [ 126.829492715638267, 37.508319821656109 ], [ 126.830646222320453, 37.508220701308282 ], [ 126.831042463923055, 37.507895788823369 ], [ 126.830614489773268, 37.50694405147744 ], [ 126.83056581805846, 37.506356080742002 ], [ 126.831186667879876, 37.505869313059534 ], [ 126.831601189257555, 37.505112216714821 ], [ 126.832073921821362, 37.504631159676627 ], [ 126.833622737469128, 37.503870902252871 ], [ 126.83399368919784, 37.503378970849454 ], [ 126.835246811251338, 37.502869425249393 ], [ 126.836393879309085, 37.50307967804023 ], [ 126.836918171504848, 37.503320300211605 ], [ 126.837494517347153, 37.503279710008499 ], [ 126.838151064478282, 37.503811928789197 ], [ 126.838489717341488, 37.504424227726012 ], [ 126.838795524575872, 37.504545157703802 ], [ 126.839589594953239, 37.504495847021353 ], [ 126.839951193923895, 37.504884617782452 ], [ 126.840117130842984, 37.505377293525548 ], [ 126.840498870845352, 37.505522541596449 ], [ 126.84074497413458, 37.506042634864677 ], [ 126.842428494823125, 37.505480664698482 ], [ 126.843584375539507, 37.505820359794555 ], [ 126.84467716503346, 37.505740455657545 ], [ 126.844382073111817, 37.506489864119168 ], [ 126.845057961751309, 37.507529718608062 ], [ 126.846051024019857, 37.508086268873498 ], [ 126.846284774929714, 37.508542426477156 ], [ 126.846234744470365, 37.508976532921594 ], [ 126.846620908456146, 37.509047993373976 ], [ 126.847294201120761, 37.509484731325507 ], [ 126.848713804906581, 37.508883467117379 ], [ 126.850086710559481, 37.510134808946027 ], [ 126.85075657031814, 37.510010084869066 ], [ 126.85139059649957, 37.51012829215761 ], [ 126.852867090978506, 37.510685974981349 ], [ 126.855195942661837, 37.509711022197067 ], [ 126.855612678416364, 37.509155451613793 ], [ 126.858327976102103, 37.509917863674367 ], [ 126.860315984375163, 37.506616130448535 ], [ 126.862699498960239, 37.507400290893756 ], [ 126.863167852837947, 37.507849644887749 ], [ 126.864082016680314, 37.508339493721614 ], [ 126.862583841326739, 37.506778746345773 ], [ 126.862942273187485, 37.506558990704136 ], [ 126.86276320454995, 37.506399979786288 ], [ 126.86283650823205, 37.505938863473219 ], [ 126.86313930934466, 37.505317251191777 ], [ 126.863513436175992, 37.505014449200459 ], [ 126.864551665643248, 37.504992285611785 ], [ 126.864843368729169, 37.505504218698952 ], [ 126.865437885320262, 37.505572750108001 ], [ 126.866047994271483, 37.505525022716618 ], [ 126.866568825490589, 37.505199863268381 ], [ 126.867139080905957, 37.505294271083734 ], [ 126.867963303276653, 37.504883287810436 ], [ 126.869012855227979, 37.504852087837484 ], [ 126.870256222859524, 37.505845699155472 ], [ 126.870630828324209, 37.505759114499838 ], [ 126.871015159372831, 37.505269622426688 ], [ 126.871448631287606, 37.505070187194676 ], [ 126.871469254478569, 37.504688691572419 ], [ 126.871865891286504, 37.504126851071355 ], [ 126.87356858287464, 37.503554889147033 ], [ 126.873756900516085, 37.504209145093618 ], [ 126.873705606382032, 37.504756445562585 ], [ 126.874171364071714, 37.505311917882125 ], [ 126.874712467035749, 37.506667374521371 ], [ 126.874342545303335, 37.506799873941723 ], [ 126.874213089089025, 37.507174774538463 ], [ 126.875035518932492, 37.507708372437193 ], [ 126.874800603816979, 37.508260548930224 ], [ 126.873900935426192, 37.508669245699927 ], [ 126.87379954094763, 37.509060231793477 ], [ 126.874222447041035, 37.509470074144531 ], [ 126.875013381244429, 37.509305933272678 ], [ 126.87551345312535, 37.509548322278995 ], [ 126.87560326223057, 37.509740447461816 ], [ 126.87518451630207, 37.510521047303683 ], [ 126.875523785265869, 37.511072432075736 ], [ 126.87611816118968, 37.511047719498556 ], [ 126.876521810770413, 37.510620741590408 ], [ 126.876844859666974, 37.510838727695024 ], [ 126.876564591450091, 37.511147302172667 ], [ 126.875697569964231, 37.511356431180829 ], [ 126.875180193729847, 37.511830866253781 ], [ 126.874821949869428, 37.511631128118026 ], [ 126.874892586219531, 37.511034293733282 ], [ 126.874677285062376, 37.510749978561634 ], [ 126.874194329241192, 37.510728907274611 ], [ 126.873936433586351, 37.511170675909689 ], [ 126.875181797830749, 37.512449464992642 ], [ 126.875596343059655, 37.51217622999993 ], [ 126.876096606082285, 37.512418337330104 ], [ 126.876394098095972, 37.512813117974581 ], [ 126.876381603736078, 37.513305264882284 ], [ 126.876648373113824, 37.513683974550702 ], [ 126.877255730889289, 37.51372797995888 ], [ 126.877726206176391, 37.513291490825203 ], [ 126.877906561311192, 37.513344333905991 ], [ 126.87758414724162, 37.51466310832474 ], [ 126.877948447424686, 37.51613549189014 ], [ 126.878482727853779, 37.516347504273078 ], [ 126.879002502910083, 37.516902994760436 ], [ 126.878550725136279, 37.517351058925577 ], [ 126.878555003453855, 37.517542524924387 ], [ 126.879391593250858, 37.517499748614888 ], [ 126.879580875538224, 37.517613694843789 ], [ 126.879484283631371, 37.517775206651272 ] ] ] ] } },
{ "type": "Feature", "properties": { "SIG_CD": "11545", "SIG_ENG_NM": "Geumcheon-gu", "SIG_KOR_NM": "금천구" }, "geometry": { "type": "MultiPolygon", "coordinates": [ [ [ [ 126.87455644219213, 37.485366749268842 ], [ 126.877624127962832, 37.486080381412172 ], [ 126.878462882042641, 37.486662123780384 ], [ 126.88135373123329, 37.485558553553638 ], [ 126.886155345850824, 37.482349586695996 ], [ 126.887730153105181, 37.480440712006477 ], [ 126.888785238242761, 37.479789623593156 ], [ 126.889881253835313, 37.479389718509935 ], [ 126.895085283074195, 37.478504781385482 ], [ 126.895848579807506, 37.478506592675465 ], [ 126.898990496832283, 37.479148792374247 ], [ 126.898943795471297, 37.478940106908979 ], [ 126.905238848925663, 37.480112768299449 ], [ 126.905516540196444, 37.479982907639972 ], [ 126.909786017025752, 37.480765953759835 ], [ 126.909934671637259, 37.480253336183658 ], [ 126.90897688169278, 37.480088445519812 ], [ 126.909099151836259, 37.479640851574949 ], [ 126.908811659234459, 37.479556436787064 ], [ 126.908622530562738, 37.479076793220877 ], [ 126.909477229534843, 37.478017938071503 ], [ 126.91042861218412, 37.478355145384839 ], [ 126.910661930066127, 37.477950153509511 ], [ 126.911823384741197, 37.477806312889079 ], [ 126.911796613326942, 37.476860528857074 ], [ 126.911183147984374, 37.475217985105225 ], [ 126.911361379844237, 37.474478452381952 ], [ 126.911031427645682, 37.47389085473889 ], [ 126.910750036739174, 37.473600912581212 ], [ 126.908561214443935, 37.472955841210606 ], [ 126.908194271767741, 37.472728895784478 ], [ 126.909588824848484, 37.470699353844942 ], [ 126.909554339176495, 37.470446757864877 ], [ 126.910242200084809, 37.469239109101444 ], [ 126.909956285910141, 37.468763320417033 ], [ 126.911040013658408, 37.468080239535283 ], [ 126.911090956687261, 37.467727202333414 ], [ 126.911612370156391, 37.467118855189582 ], [ 126.911637662135945, 37.466802955561953 ], [ 126.912379772678136, 37.466250247365707 ], [ 126.912378984468901, 37.465876330249124 ], [ 126.913692155971432, 37.465426252929852 ], [ 126.912892411238118, 37.463941531313971 ], [ 126.913287291917626, 37.463060536676373 ], [ 126.913712194495872, 37.462789704932348 ], [ 126.913945607814171, 37.461935888272144 ], [ 126.914389149629628, 37.461579202131361 ], [ 126.914184824959491, 37.460956223010399 ], [ 126.914245869155636, 37.459947431337056 ], [ 126.913999526442538, 37.459469996021106 ], [ 126.914236968797567, 37.458940272704375 ], [ 126.914016602324963, 37.458453567164078 ], [ 126.914026447981144, 37.457889878762991 ], [ 126.914949148725839, 37.457314194320361 ], [ 126.915600135607534, 37.457432367627725 ], [ 126.916261431228293, 37.457342466686164 ], [ 126.91689893560384, 37.457521711253889 ], [ 126.917457272115954, 37.457122577010715 ], [ 126.918316109838273, 37.456927216109008 ], [ 126.919676466935456, 37.456758659817503 ], [ 126.92087585331663, 37.45682931214035 ], [ 126.922186959874978, 37.45662747327146 ], [ 126.922529881132562, 37.456329244969893 ], [ 126.922826732460081, 37.455156442178051 ], [ 126.923312280780138, 37.454224512095564 ], [ 126.924179207707198, 37.453677721629063 ], [ 126.924785788207657, 37.45282891909055 ], [ 126.925433528106936, 37.452994329998482 ], [ 126.926275437523969, 37.452537608504528 ], [ 126.927306296141936, 37.45100964957556 ], [ 126.928369343811482, 37.451002428430108 ], [ 126.928506462285398, 37.450551442516549 ], [ 126.928279658620141, 37.449352684592014 ], [ 126.926517795159697, 37.448390602413639 ], [ 126.926017532603367, 37.44770158158039 ], [ 126.924982134929309, 37.446781600606386 ], [ 126.923253273834263, 37.445772746522728 ], [ 126.922897228262016, 37.445173349668323 ], [ 126.922762807609956, 37.444041081783404 ], [ 126.921657377679423, 37.44280596025245 ], [ 126.921169450696411, 37.442546031377297 ], [ 126.920274744345861, 37.440466345057587 ], [ 126.919263894202757, 37.439852393138935 ], [ 126.917857268120855, 37.440149585498752 ], [ 126.916124793538785, 37.440053182258126 ], [ 126.914829626379813, 37.439379015593865 ], [ 126.913190085141096, 37.439095390013328 ], [ 126.912808801477439, 37.43872033930171 ], [ 126.91230879015022, 37.438579459855966 ], [ 126.911801978972818, 37.437765925640853 ], [ 126.911431922091808, 37.437623167815296 ], [ 126.911203083668255, 37.437201213311312 ], [ 126.91133355067474, 37.436171343442624 ], [ 126.910678306769384, 37.43549818499568 ], [ 126.910028621914137, 37.434324120489499 ], [ 126.909405978432702, 37.433864681241168 ], [ 126.908549600703807, 37.433681556631413 ], [ 126.907933757929982, 37.433724715575913 ], [ 126.907253971228528, 37.433517790451411 ], [ 126.906470259065273, 37.433813369519832 ], [ 126.906368009301218, 37.433702066766031 ], [ 126.906105639374331, 37.433994683087121 ], [ 126.903525910100058, 37.434161791269311 ], [ 126.902987570658908, 37.434067584859754 ], [ 126.902750591154813, 37.435861520036852 ], [ 126.900849227342988, 37.436984203142913 ], [ 126.900337103311799, 37.437733017132672 ], [ 126.898977910624779, 37.438701825956379 ], [ 126.898805213713075, 37.43935012227638 ], [ 126.899281346386374, 37.439643930148648 ], [ 126.899925913646243, 37.439556358299406 ], [ 126.899357936181659, 37.44084938227077 ], [ 126.898998871359723, 37.44117878606567 ], [ 126.898778922045366, 37.442059329765229 ], [ 126.897269193645258, 37.445436775147726 ], [ 126.896764178849097, 37.445704378170063 ], [ 126.895782350639777, 37.445633396651999 ], [ 126.894650067998285, 37.446698097988055 ], [ 126.894726085423855, 37.447630708358261 ], [ 126.895003521720795, 37.448222523402784 ], [ 126.895234809094205, 37.448374497093255 ], [ 126.895580792178365, 37.44833426240487 ], [ 126.896049834395214, 37.448042981065115 ], [ 126.893982998304963, 37.452717339637601 ], [ 126.893254501487789, 37.452762851137656 ], [ 126.892588166246341, 37.451949081338462 ], [ 126.891963764357158, 37.452304401474677 ], [ 126.891048600165703, 37.452242452486963 ], [ 126.890209764141417, 37.452504083392384 ], [ 126.889849508784053, 37.45227736592404 ], [ 126.889642134101123, 37.452315462558332 ], [ 126.889503656003441, 37.452701069911647 ], [ 126.889652768283838, 37.453598558530182 ], [ 126.889085172186029, 37.453971657885752 ], [ 126.889021487113922, 37.454166998314562 ], [ 126.889264889649269, 37.454482293265954 ], [ 126.889203249015324, 37.454723830255951 ], [ 126.888764169648368, 37.454765642313916 ], [ 126.888016655477571, 37.455578651623313 ], [ 126.887241508483783, 37.455503562768207 ], [ 126.886346814564732, 37.456235607864791 ], [ 126.885869143468383, 37.457588342629641 ], [ 126.88632186349912, 37.458450929121035 ], [ 126.886337159391246, 37.458957200492925 ], [ 126.886103518832968, 37.459297381089037 ], [ 126.885376521262742, 37.459469265334725 ], [ 126.885443675450389, 37.460124532714175 ], [ 126.886128081665731, 37.460899787308584 ], [ 126.887473595894605, 37.461065526607378 ], [ 126.88833586726696, 37.460780845282322 ], [ 126.888875515148968, 37.460946920387016 ], [ 126.887121803401868, 37.462904361242543 ], [ 126.885141230344743, 37.462467972440081 ], [ 126.884317109477763, 37.462723944185313 ], [ 126.882745615994097, 37.464390926274746 ], [ 126.882873472611934, 37.464961498133043 ], [ 126.884344809789368, 37.465457391793173 ], [ 126.884574293342752, 37.465648235404487 ], [ 126.884617528265508, 37.466012337649168 ], [ 126.884249710212515, 37.466529770896734 ], [ 126.883014093641407, 37.467064356018078 ], [ 126.882529824261269, 37.467933896149987 ], [ 126.881631207890507, 37.468459236837461 ], [ 126.8814468272233, 37.46899599338397 ], [ 126.881592939978077, 37.469416792993449 ], [ 126.880204472043587, 37.470934971077234 ], [ 126.878011413475491, 37.473827737338844 ], [ 126.875985711606745, 37.477103835276942 ], [ 126.874198851217912, 37.480479561567357 ], [ 126.873379012453213, 37.482433559185424 ], [ 126.872971386377813, 37.482270377663589 ], [ 126.872744296261672, 37.482424994422018 ], [ 126.872786633378908, 37.483488780061187 ], [ 126.873297414205879, 37.484181132721702 ], [ 126.872208380549068, 37.484433352341483 ], [ 126.871762622643416, 37.485269388536139 ], [ 126.872444696926593, 37.48611003908286 ], [ 126.872895322490351, 37.486251870390603 ], [ 126.873939548258647, 37.48524866643055 ], [ 126.874219491189862, 37.485187592211751 ], [ 126.87455644219213, 37.485366749268842 ] ] ] ] } },
{ "type": "Feature", "properties": { "SIG_CD": "11560", "SIG_ENG_NM": "Yeongdeungpo-gu", "SIG_KOR_NM": "영등포구" }, "geometry": { "type": "MultiPolygon", "coordinates": [ [ [ [ 126.88046390965637, 37.556269035480838 ], [ 126.886825066007034, 37.553089259915026 ], [ 126.888257625834314, 37.552213582704908 ], [ 126.894683907573665, 37.549392713655941 ], [ 126.898943221675495, 37.548007558678236 ], [ 126.901821839555183, 37.545023517150618 ], [ 126.902199134724725, 37.544104544314393 ], [ 126.904833284496306, 37.541416422536273 ], [ 126.922416242620201, 37.541425361131608 ], [ 126.922834532243357, 37.540618732994552 ], [ 126.923076121526293, 37.540454120224986 ], [ 126.927100413162421, 37.539034751252672 ], [ 126.927649492375451, 37.53907272142304 ], [ 126.930333323336214, 37.541355700570499 ], [ 126.932902854712509, 37.540522686294622 ], [ 126.938558183526467, 37.537834968042517 ], [ 126.94421946143467, 37.534235003980221 ], [ 126.949878619834649, 37.527028256190924 ], [ 126.949886771340914, 37.517513749230744 ], [ 126.949561140626329, 37.517620599728446 ], [ 126.939281476120556, 37.516077180009511 ], [ 126.934137812371816, 37.515913025572992 ], [ 126.932385940875022, 37.51557469831053 ], [ 126.929707951001319, 37.515447240499668 ], [ 126.926862024737929, 37.515544027096588 ], [ 126.926900165933958, 37.514521699684494 ], [ 126.926668238850823, 37.514390908473899 ], [ 126.927019045153358, 37.513873057276932 ], [ 126.926963846438142, 37.513214727344732 ], [ 126.926759096793489, 37.513135760739928 ], [ 126.926789124317622, 37.512798194320567 ], [ 126.925385982415932, 37.51252305297573 ], [ 126.920289882485577, 37.500031272974205 ], [ 126.920216978544985, 37.498337345244003 ], [ 126.919819636748031, 37.497799562240402 ], [ 126.919405850717268, 37.497599091433933 ], [ 126.91486434522767, 37.496608974524797 ], [ 126.912895323364054, 37.496417177889086 ], [ 126.912129115861333, 37.496180367707893 ], [ 126.907518297782005, 37.490006627045723 ], [ 126.906820902400938, 37.489202495199692 ], [ 126.906635042648873, 37.489204598592679 ], [ 126.903197496862802, 37.485001152765477 ], [ 126.901712673250174, 37.485226842966199 ], [ 126.898144130704623, 37.486932017857754 ], [ 126.896124244843563, 37.489338156569225 ], [ 126.896012943661972, 37.490209216107573 ], [ 126.895700914108474, 37.490852025726646 ], [ 126.89460042510639, 37.495159218095466 ], [ 126.894042726503088, 37.498160732363658 ], [ 126.893624020908533, 37.499587018898524 ], [ 126.892925650314865, 37.500357020995104 ], [ 126.892760786689436, 37.500841993857748 ], [ 126.892932719679891, 37.501574492364973 ], [ 126.892731791891961, 37.502072676603305 ], [ 126.893133458515834, 37.502676155850274 ], [ 126.892693416834902, 37.503313765977971 ], [ 126.893303368581172, 37.50395375542746 ], [ 126.89316902655257, 37.504601224418749 ], [ 126.893777962844382, 37.504730173506132 ], [ 126.89397477881333, 37.505009382801973 ], [ 126.893254526771386, 37.506700338730823 ], [ 126.893012258074478, 37.506934664086231 ], [ 126.892967940948978, 37.507398916288807 ], [ 126.891885626868728, 37.510117234008483 ], [ 126.891475941485027, 37.510387161136599 ], [ 126.891088972550136, 37.510344561298545 ], [ 126.890672306266254, 37.510666836020981 ], [ 126.890235811148045, 37.511368644427129 ], [ 126.889674015575537, 37.511822837824546 ], [ 126.889705390969198, 37.512232532625021 ], [ 126.888611221954037, 37.512258242469287 ], [ 126.887504720403754, 37.513185773606686 ], [ 126.884415167081713, 37.513811475429712 ], [ 126.884310052718376, 37.514355068301853 ], [ 126.882707237774994, 37.515137892237433 ], [ 126.882680722537529, 37.515809675162018 ], [ 126.882016250618349, 37.516102954704238 ], [ 126.881729252358227, 37.516419418092887 ], [ 126.879484209928833, 37.517774812389554 ], [ 126.878739501275078, 37.517941562767128 ], [ 126.878205115214243, 37.518748802584561 ], [ 126.87835130704417, 37.519485527807525 ], [ 126.879103908402783, 37.52002296095521 ], [ 126.879436842390874, 37.520597689940807 ], [ 126.87860868949592, 37.525068585248633 ], [ 126.878817558585354, 37.525425533125265 ], [ 126.879284797883756, 37.525715462022951 ], [ 126.880544707739887, 37.525744635932085 ], [ 126.880941448905446, 37.525911446257986 ], [ 126.881174150567205, 37.526518440155215 ], [ 126.880671150583879, 37.527133143417437 ], [ 126.880674550627262, 37.527550135971261 ], [ 126.881184479514161, 37.527793078055815 ], [ 126.882726747437175, 37.527248411623077 ], [ 126.883430324470368, 37.527327116218444 ], [ 126.883747031147152, 37.527586468242113 ], [ 126.883910340897614, 37.528389632879552 ], [ 126.884177177887551, 37.528668089169571 ], [ 126.886002889696115, 37.529445581546362 ], [ 126.887153780695471, 37.530179605929149 ], [ 126.888461544093133, 37.530412023947278 ], [ 126.889540123630681, 37.529995783261029 ], [ 126.890684211887404, 37.531655816968637 ], [ 126.89028880130995, 37.531868304955893 ], [ 126.889086482319655, 37.531908269842475 ], [ 126.888626538987211, 37.532123934377573 ], [ 126.888530435729109, 37.532554481278709 ], [ 126.888693045178371, 37.532804662382098 ], [ 126.88979491308902, 37.533393607969799 ], [ 126.890036447395048, 37.53370947215096 ], [ 126.890147751660251, 37.534228495158509 ], [ 126.889921061706232, 37.534860093549653 ], [ 126.888260387415443, 37.536714278655225 ], [ 126.886531588508973, 37.539361526035748 ], [ 126.885513571265037, 37.541553608330133 ], [ 126.885086687170315, 37.543313212661928 ], [ 126.884426584687304, 37.543375629419018 ], [ 126.884245423049634, 37.543564657899751 ], [ 126.884092047343955, 37.544636406120631 ], [ 126.882746014206148, 37.545754262465621 ], [ 126.882127927609346, 37.546724168892915 ], [ 126.880356129384666, 37.548456213297712 ], [ 126.879327476896719, 37.550154926402222 ], [ 126.878047935448819, 37.551700487915568 ], [ 126.877953982483206, 37.553449716148833 ], [ 126.878244475782225, 37.553580942635655 ], [ 126.879217372858392, 37.553150893620206 ], [ 126.879237218675271, 37.554746504373483 ], [ 126.88046390965637, 37.556269035480838 ] ] ] ] } },
{ "type": "Feature", "properties": { "SIG_CD": "11590", "SIG_ENG_NM": "Dongjak-gu", "SIG_KOR_NM": "동작구" }, "geometry": { "type": "MultiPolygon", "coordinates": [ [ [ [ 126.954708594501653, 37.516032608325226 ], [ 126.961189933295387, 37.513459266327345 ], [ 126.962585139572411, 37.512618717056498 ], [ 126.964974716827115, 37.510818333569723 ], [ 126.966920909032623, 37.509875116086391 ], [ 126.970121041202773, 37.509006835904067 ], [ 126.975247748347641, 37.507018567591174 ], [ 126.978170795627662, 37.506558546353901 ], [ 126.980403614601002, 37.506544604609367 ], [ 126.980397096608357, 37.504589726354794 ], [ 126.979839280412321, 37.504375638277146 ], [ 126.979834915460543, 37.504178264836398 ], [ 126.980388218967974, 37.502862619400567 ], [ 126.983412250252911, 37.501257091837488 ], [ 126.985385099442667, 37.499860829771706 ], [ 126.982925603930923, 37.496993886003814 ], [ 126.982810951059747, 37.492673575121138 ], [ 126.982188610872456, 37.486727999050565 ], [ 126.981691326595438, 37.476530552128501 ], [ 126.978423166753927, 37.476650188392156 ], [ 126.974285933054304, 37.476201058773817 ], [ 126.970522846519586, 37.475376552401293 ], [ 126.970240623752289, 37.476517939982287 ], [ 126.968829715160155, 37.476603432662714 ], [ 126.967781653455049, 37.477835537945701 ], [ 126.967278825868618, 37.478015314436227 ], [ 126.966342164441329, 37.478923645809104 ], [ 126.964794239031832, 37.479491364716878 ], [ 126.964354699138525, 37.479912724965104 ], [ 126.963944478308079, 37.481018574832362 ], [ 126.96327636054373, 37.481374544451526 ], [ 126.962694274701875, 37.482060800659376 ], [ 126.962047856730237, 37.482446332248422 ], [ 126.961825878421777, 37.482944061142057 ], [ 126.961067311793855, 37.483581541606426 ], [ 126.961625922396991, 37.484227920540647 ], [ 126.961635921034528, 37.484710238804468 ], [ 126.961985647864893, 37.485175777407406 ], [ 126.961673221880247, 37.485986861608708 ], [ 126.961946215164858, 37.488596755786084 ], [ 126.961752191151518, 37.488989463758884 ], [ 126.9613897525619, 37.489132384044282 ], [ 126.960872593717099, 37.490175953033187 ], [ 126.960780720690735, 37.490822389002197 ], [ 126.961397506671517, 37.491484276464917 ], [ 126.961377856733279, 37.492874062129466 ], [ 126.960947433171441, 37.492922623165896 ], [ 126.961052550358474, 37.493258281622033 ], [ 126.960289354017817, 37.493743710666081 ], [ 126.959322146514168, 37.493795744313061 ], [ 126.958946446893961, 37.493604994054301 ], [ 126.958453170854369, 37.492624689751899 ], [ 126.957600474948734, 37.492355202180548 ], [ 126.957478607384743, 37.491977304497986 ], [ 126.956229581672432, 37.491497329185542 ], [ 126.955406106817975, 37.491441824429337 ], [ 126.954872983321323, 37.490995340844577 ], [ 126.954177958843999, 37.490936778725192 ], [ 126.953714730166823, 37.490626026500124 ], [ 126.95280269115537, 37.491465277903373 ], [ 126.952241427138745, 37.491655940020152 ], [ 126.951694955769838, 37.492179417040553 ], [ 126.949961429015346, 37.492576239497488 ], [ 126.949569254715954, 37.49273796836917 ], [ 126.949422807308949, 37.492966532575245 ], [ 126.948813828387614, 37.493139146321987 ], [ 126.948780139228447, 37.493819097705426 ], [ 126.94833162552122, 37.493685440593602 ], [ 126.94753455869332, 37.493724777143292 ], [ 126.946973504637455, 37.494082666796118 ], [ 126.946095623662572, 37.493497734773314 ], [ 126.944538231873992, 37.493142504661222 ], [ 126.944439595911589, 37.492500494741968 ], [ 126.943955476825963, 37.49250166543542 ], [ 126.942837688290979, 37.492164087586637 ], [ 126.941578985022417, 37.492191611992006 ], [ 126.941068382242491, 37.492407033190077 ], [ 126.940832111660441, 37.49289092012387 ], [ 126.94038310355991, 37.492957975305067 ], [ 126.939738515437412, 37.492790675763246 ], [ 126.939235272072352, 37.492207293519755 ], [ 126.938343949677247, 37.492374072896411 ], [ 126.937259140340387, 37.491929177852207 ], [ 126.936353711398866, 37.492062426366047 ], [ 126.935373385714129, 37.492762976559703 ], [ 126.934380673427626, 37.493069035837564 ], [ 126.933827763609969, 37.493146990200529 ], [ 126.932442409392635, 37.492923190978381 ], [ 126.931361528731955, 37.493215378990548 ], [ 126.927879537104744, 37.495070733547315 ], [ 126.927452031864362, 37.494992187502305 ], [ 126.926607629169681, 37.494112333805148 ], [ 126.926492340607012, 37.49349423807061 ], [ 126.925576574141445, 37.492799036384952 ], [ 126.924819807638755, 37.490923341755277 ], [ 126.924150620785156, 37.490340066604162 ], [ 126.92415524926723, 37.489963622808062 ], [ 126.92130169332242, 37.490331976900734 ], [ 126.918708434845925, 37.490142662709403 ], [ 126.916652751942706, 37.489553869177684 ], [ 126.914217425425861, 37.488355170231593 ], [ 126.913566604615141, 37.48801315440825 ], [ 126.912312462372981, 37.486774464924778 ], [ 126.911248123530925, 37.486257833788486 ], [ 126.909393187864339, 37.485898254373623 ], [ 126.906097934130372, 37.484960571719824 ], [ 126.903198618301559, 37.48500267719723 ], [ 126.906635113763343, 37.489204995488315 ], [ 126.906820973498725, 37.489202892094909 ], [ 126.907518368821272, 37.490007023862141 ], [ 126.912129186518229, 37.496180763921515 ], [ 126.912895393953335, 37.496417574077704 ], [ 126.914864415641091, 37.496609370688752 ], [ 126.919405920727868, 37.497599487488991 ], [ 126.919819706722478, 37.497799958275017 ], [ 126.920217048486478, 37.498337741226187 ], [ 126.920289952429144, 37.500031668794918 ], [ 126.925386051964736, 37.512523447591143 ], [ 126.926789193741755, 37.512798588905341 ], [ 126.926759166222027, 37.513136155292685 ], [ 126.92696391584866, 37.513215121889331 ], [ 126.927019114562185, 37.513873451758684 ], [ 126.926668308293785, 37.514391302907455 ], [ 126.926900235356698, 37.514522094104862 ], [ 126.926862094169181, 37.51554442141979 ], [ 126.929708020176449, 37.515447634823104 ], [ 126.932386009810273, 37.515575092613432 ], [ 126.934137881151386, 37.515913419838199 ], [ 126.939281544438998, 37.516077574243027 ], [ 126.949561208029451, 37.517620993783126 ], [ 126.954708594501653, 37.516032608325226 ] ] ] ] } },
{ "type": "Feature", "properties": { "SIG_CD": "11620", "SIG_ENG_NM": "Gwanak-gu", "SIG_KOR_NM": "관악구" }, "geometry": { "type": "MultiPolygon", "coordinates": [ [ [ [ 126.928019171972409, 37.495022382772262 ], [ 126.931361528731955, 37.493215378990548 ], [ 126.932442409392635, 37.492923190978381 ], [ 126.933827763609969, 37.493146990200529 ], [ 126.934380673427626, 37.493069035837564 ], [ 126.935373385714129, 37.492762976559703 ], [ 126.936353711398866, 37.492062426366047 ], [ 126.937259140340387, 37.491929177852207 ], [ 126.938343949677247, 37.492374072896411 ], [ 126.939235272072352, 37.492207293519755 ], [ 126.939738515437412, 37.492790675763246 ], [ 126.94038310355991, 37.492957975305067 ], [ 126.940832111660441, 37.49289092012387 ], [ 126.941068382242491, 37.492407033190077 ], [ 126.941578985022417, 37.492191611992006 ], [ 126.942837688290979, 37.492164087586637 ], [ 126.943955476825963, 37.49250166543542 ], [ 126.944439595911589, 37.492500494741968 ], [ 126.944538231873992, 37.493142504661222 ], [ 126.946095623662572, 37.493497734773314 ], [ 126.946973504637455, 37.494082666796118 ], [ 126.94753455869332, 37.493724777143292 ], [ 126.94833162552122, 37.493685440593602 ], [ 126.948780127920543, 37.493819097700403 ], [ 126.948813828387614, 37.493139146321987 ], [ 126.949422807308949, 37.492966532575245 ], [ 126.949569254715954, 37.49273796836917 ], [ 126.949961429015346, 37.492576239497488 ], [ 126.951694955769838, 37.492179417040553 ], [ 126.952241427138745, 37.491655940020152 ], [ 126.95280269115537, 37.491465277903373 ], [ 126.953714730166823, 37.490626026500124 ], [ 126.954177958843999, 37.490936778725192 ], [ 126.954872983321323, 37.490995340844577 ], [ 126.955406106817975, 37.491441824429337 ], [ 126.956229581672432, 37.491497329185542 ], [ 126.957478607384743, 37.491977304497986 ], [ 126.957600474948734, 37.492355202180548 ], [ 126.958453170854369, 37.492624689751899 ], [ 126.958946446893961, 37.493604994054301 ], [ 126.959322146514168, 37.493795744313061 ], [ 126.960289354017817, 37.493743710666081 ], [ 126.961052550358474, 37.493258281622033 ], [ 126.960947433171441, 37.492922623165896 ], [ 126.961377856733279, 37.492874062129466 ], [ 126.96140104022588, 37.491494972534717 ], [ 126.960780720690735, 37.490822389002197 ], [ 126.960872593717099, 37.490175953033187 ], [ 126.9613897525619, 37.489132384044282 ], [ 126.961752191151518, 37.488989463758884 ], [ 126.961946215164858, 37.488596755786084 ], [ 126.961673221880247, 37.485986861608708 ], [ 126.961985647864893, 37.485175777407406 ], [ 126.961635921034528, 37.484710238804468 ], [ 126.961625922396991, 37.484227920540647 ], [ 126.961067311793855, 37.483581541606426 ], [ 126.961825878421777, 37.482944061142057 ], [ 126.962047856730237, 37.482446332248422 ], [ 126.962694274701875, 37.482060800659376 ], [ 126.96327636054373, 37.481374544451526 ], [ 126.963944478308079, 37.481018574832362 ], [ 126.964354699138525, 37.479912724965104 ], [ 126.964794239031832, 37.479491364716878 ], [ 126.966342164441329, 37.478923645809104 ], [ 126.967278825868618, 37.478015314436227 ], [ 126.967781653455049, 37.477835537945701 ], [ 126.968829715160155, 37.476603432662714 ], [ 126.970240623752289, 37.476517939982287 ], [ 126.970522846519586, 37.475376552401293 ], [ 126.974285933054304, 37.476201058773817 ], [ 126.978423166753927, 37.476650188392156 ], [ 126.981691326595438, 37.476530552128501 ], [ 126.981717881008819, 37.475680235551657 ], [ 126.982157694703574, 37.473723159515131 ], [ 126.983193671626324, 37.471613292916686 ], [ 126.984921767542559, 37.469633305226012 ], [ 126.987273793297149, 37.467619031172205 ], [ 126.987104658871459, 37.46722820028868 ], [ 126.987247190257136, 37.467227649951198 ], [ 126.987934499257463, 37.465937322179677 ], [ 126.988339479232479, 37.463999362190606 ], [ 126.987542226310225, 37.460223782139998 ], [ 126.987864346930905, 37.459291558988951 ], [ 126.988635782255372, 37.45816595684046 ], [ 126.986781067424431, 37.457403264485656 ], [ 126.986612630937955, 37.457212338361757 ], [ 126.98438784081246, 37.457105610141909 ], [ 126.982888227253994, 37.456826918592782 ], [ 126.98190364969814, 37.456935717896755 ], [ 126.982398044429587, 37.45589120022148 ], [ 126.979790476794207, 37.455647198874132 ], [ 126.97847746333656, 37.45573479827263 ], [ 126.977757117390027, 37.455199115969876 ], [ 126.974579559246067, 37.454412874697802 ], [ 126.973371566798335, 37.453237627571824 ], [ 126.972843532852053, 37.452382382916248 ], [ 126.971752824248355, 37.451737335319073 ], [ 126.970569391520556, 37.449452701084113 ], [ 126.967662976666929, 37.448380544532888 ], [ 126.964289765273932, 37.446267236999553 ], [ 126.963933616609069, 37.445214630947277 ], [ 126.964419276577502, 37.444312650912828 ], [ 126.964381644778285, 37.442577073606166 ], [ 126.964634039095756, 37.442039647550224 ], [ 126.963784262244403, 37.441286758645838 ], [ 126.96380340667983, 37.440786984760102 ], [ 126.962942926614119, 37.440280457835478 ], [ 126.960055911291846, 37.440400548946457 ], [ 126.959542532827953, 37.439978578954985 ], [ 126.958966055345343, 37.439069769381319 ], [ 126.956368196589324, 37.438754011543054 ], [ 126.955108855202241, 37.438692147191141 ], [ 126.953904180533328, 37.43900955277963 ], [ 126.952411091509632, 37.439190269842818 ], [ 126.951158385479815, 37.438444158660367 ], [ 126.950925305765438, 37.438733787306148 ], [ 126.950032710723178, 37.438621622866947 ], [ 126.949843077227541, 37.438379673510831 ], [ 126.94928419905375, 37.438250196295471 ], [ 126.94876590383727, 37.438645842081819 ], [ 126.94836312643514, 37.438712678641814 ], [ 126.946789348129329, 37.43816712993798 ], [ 126.945676270013564, 37.437305299611324 ], [ 126.945090636679481, 37.437088220913601 ], [ 126.941979616159983, 37.437505654849389 ], [ 126.941424430484787, 37.437404298828795 ], [ 126.940530392552247, 37.436280391726129 ], [ 126.940426794158952, 37.435801956814366 ], [ 126.940220306532296, 37.435712316715005 ], [ 126.93936430322762, 37.43602581715362 ], [ 126.938621907252539, 37.436028514961215 ], [ 126.938574800242648, 37.436420428543975 ], [ 126.937746658150843, 37.437385757478602 ], [ 126.937744465600588, 37.437879058275279 ], [ 126.937272959724353, 37.438632270981557 ], [ 126.937247389407119, 37.439212839595037 ], [ 126.937693858787753, 37.439684425753391 ], [ 126.937864333492072, 37.440197533508005 ], [ 126.937353851689139, 37.440871598745773 ], [ 126.936647199661067, 37.441745758087535 ], [ 126.935985979715724, 37.442141557370633 ], [ 126.935643406187609, 37.442177965885563 ], [ 126.934895616402528, 37.44321229972784 ], [ 126.934564214687214, 37.443196624169659 ], [ 126.931749846574263, 37.444976170621665 ], [ 126.930554345158043, 37.445468480971883 ], [ 126.930163439375775, 37.446377983274665 ], [ 126.930368248551872, 37.447697513910775 ], [ 126.930174254276992, 37.448365556404823 ], [ 126.928910800596924, 37.449865521298634 ], [ 126.928398716525706, 37.450212660662039 ], [ 126.928388603932916, 37.450988366632878 ], [ 126.927880817071326, 37.451091946386178 ], [ 126.927306296141936, 37.45100964957556 ], [ 126.926275437523969, 37.452537608504528 ], [ 126.925700976154332, 37.452913411336333 ], [ 126.925433528106936, 37.452994329998482 ], [ 126.924785788207657, 37.45282891909055 ], [ 126.924179207707198, 37.453677721629063 ], [ 126.923093535703231, 37.454512400605282 ], [ 126.922529881132562, 37.456329244969893 ], [ 126.922186959874978, 37.45662747327146 ], [ 126.920885924315172, 37.456828760388142 ], [ 126.919676466935456, 37.456758659817503 ], [ 126.918316109838273, 37.456927216109008 ], [ 126.917457272115954, 37.457122577010715 ], [ 126.91689893560384, 37.457521711253889 ], [ 126.916261431228293, 37.457342466686164 ], [ 126.915600135607534, 37.457432367627725 ], [ 126.914949148725839, 37.457314194320361 ], [ 126.914026447981144, 37.457889878762991 ], [ 126.914016602324963, 37.458453567164078 ], [ 126.914236968797567, 37.458940272704375 ], [ 126.913999526442538, 37.459469996021106 ], [ 126.914245869155636, 37.459947431337056 ], [ 126.914184824959491, 37.460956223010399 ], [ 126.914389149629628, 37.461579202131361 ], [ 126.913945607814171, 37.461935888272144 ], [ 126.913712194495872, 37.462789704932348 ], [ 126.91328730322094, 37.4630605366848 ], [ 126.912892411238118, 37.463941531313971 ], [ 126.913692155971432, 37.465426252929852 ], [ 126.912378984468901, 37.465876330249124 ], [ 126.912379772678136, 37.466250247365707 ], [ 126.911637662135945, 37.466802955561953 ], [ 126.911612370156391, 37.467118855189582 ], [ 126.911090956687261, 37.467727202333414 ], [ 126.911040013658408, 37.468080239535283 ], [ 126.909956285910141, 37.468763320417033 ], [ 126.910242200084809, 37.469239109101444 ], [ 126.909554339176495, 37.470446757864877 ], [ 126.909591657511982, 37.470694004091001 ], [ 126.908199981901859, 37.47268243558873 ], [ 126.908561214443935, 37.472955841210606 ], [ 126.910750036739174, 37.473600912581212 ], [ 126.911361379844237, 37.474478452381952 ], [ 126.911183147984374, 37.475217985105225 ], [ 126.911796613326942, 37.476860528857074 ], [ 126.911823384741197, 37.477806312889079 ], [ 126.910661930066127, 37.477950153509511 ], [ 126.91042861218412, 37.478355145384839 ], [ 126.909477229534843, 37.478017938071503 ], [ 126.908622530562738, 37.479076793220877 ], [ 126.908811659234459, 37.479556436787064 ], [ 126.909099151836259, 37.479640851574949 ], [ 126.90897688169278, 37.480088445519812 ], [ 126.909934671637259, 37.480253336183658 ], [ 126.909786017025752, 37.480765953759835 ], [ 126.905516540196444, 37.479982907639972 ], [ 126.905238848925663, 37.480112768299449 ], [ 126.898943795471297, 37.478940106908979 ], [ 126.899710190132893, 37.480703633117436 ], [ 126.903198618301559, 37.48500267719723 ], [ 126.906097934130372, 37.484960571719824 ], [ 126.909393187864339, 37.485898254373623 ], [ 126.911248123530925, 37.486257833788486 ], [ 126.912310700184321, 37.486773049023626 ], [ 126.913566604615141, 37.48801315440825 ], [ 126.914217425425861, 37.488355170231593 ], [ 126.916652751942706, 37.489553869177684 ], [ 126.918708434845925, 37.490142662709403 ], [ 126.92130169332242, 37.490331976900734 ], [ 126.92415524926723, 37.489963622808062 ], [ 126.924150620785156, 37.490340066604162 ], [ 126.924819807638755, 37.490923341755277 ], [ 126.925576574141445, 37.492799036384952 ], [ 126.926492340607012, 37.49349423807061 ], [ 126.926607629169681, 37.494112333805148 ], [ 126.927452031864362, 37.494992187502305 ], [ 126.928019171972409, 37.495022382772262 ] ] ] ] } },
{ "type": "Feature", "properties": { "SIG_CD": "11650", "SIG_ENG_NM": "Seocho-gu", "SIG_KOR_NM": "서초구" }, "geometry": { "type": "MultiPolygon", "coordinates": [ [ [ [ 127.013171648800139, 37.522591826517242 ], [ 127.015224471075882, 37.52484852680746 ], [ 127.016939903316, 37.523024557081072 ], [ 127.017822454813626, 37.521811969160083 ], [ 127.020515428096999, 37.512799019929041 ], [ 127.034087350283968, 37.484368973013076 ], [ 127.041750776397663, 37.485436010137299 ], [ 127.041608942082973, 37.485239225678065 ], [ 127.043889360260835, 37.480560539068485 ], [ 127.044143553599213, 37.479290035113095 ], [ 127.045039803004244, 37.477316802246165 ], [ 127.050826405834272, 37.471635392603822 ], [ 127.048669415083083, 37.470059796743435 ], [ 127.048859550953978, 37.469893035110388 ], [ 127.050435880986953, 37.469750205737412 ], [ 127.051034749486334, 37.469356046646176 ], [ 127.051096054969875, 37.468589609383038 ], [ 127.050755562443968, 37.46729596461762 ], [ 127.053243193772687, 37.468159027486223 ], [ 127.05421019144093, 37.468113820379948 ], [ 127.055044404613739, 37.468853115285484 ], [ 127.056084437624548, 37.468438178008768 ], [ 127.056532030949882, 37.468478524647779 ], [ 127.057197253107972, 37.469008390552176 ], [ 127.058708580027826, 37.468905458950744 ], [ 127.059086779834587, 37.469194722655025 ], [ 127.060346264883322, 37.469125121539186 ], [ 127.060918817812279, 37.468917982756032 ], [ 127.062135472968535, 37.469082257547797 ], [ 127.062599698524309, 37.469340777661927 ], [ 127.063235484607347, 37.469039746448587 ], [ 127.063813029788761, 37.469001430065425 ], [ 127.064155853274329, 37.469205947802941 ], [ 127.065619503306834, 37.469538245821617 ], [ 127.066453529642232, 37.470135552062565 ], [ 127.067868427971135, 37.470427871433408 ], [ 127.06857423956879, 37.471007773088438 ], [ 127.069619411224735, 37.471048288139457 ], [ 127.069937060342212, 37.470928442431116 ], [ 127.070422564597862, 37.471050642685803 ], [ 127.070747675294896, 37.471361866342932 ], [ 127.071918366563111, 37.47188346808305 ], [ 127.072683964150016, 37.4719579008474 ], [ 127.073845056194386, 37.472935351578499 ], [ 127.074229967042143, 37.472952567779892 ], [ 127.075371917457872, 37.473489370761669 ], [ 127.076466111735741, 37.474458665159382 ], [ 127.076911067305232, 37.475157785251795 ], [ 127.077934622293043, 37.474736188433702 ], [ 127.078515480887901, 37.47496106197633 ], [ 127.07899079549577, 37.474767035777909 ], [ 127.081875914718765, 37.475293880250135 ], [ 127.082750140853378, 37.475303707094923 ], [ 127.083232434988219, 37.475526651942907 ], [ 127.083916811067184, 37.475418615037491 ], [ 127.084504714567231, 37.475613892305383 ], [ 127.084882093363731, 37.4755122639124 ], [ 127.08450592786015, 37.475105951394411 ], [ 127.084480545363519, 37.474039975207916 ], [ 127.084172553690237, 37.472818764860889 ], [ 127.085027620578344, 37.4712000256538 ], [ 127.085896012394201, 37.471100010126627 ], [ 127.086711914462498, 37.470660753390057 ], [ 127.087185464502198, 37.469884133806701 ], [ 127.087532051242292, 37.469762255625 ], [ 127.087594947621497, 37.469317898120238 ], [ 127.088164824769251, 37.468315674086483 ], [ 127.088445940414928, 37.468095848052599 ], [ 127.088985038471108, 37.468121642429779 ], [ 127.089038339947265, 37.468240418283955 ], [ 127.089460399709608, 37.467573930033979 ], [ 127.090166455739137, 37.4670457477947 ], [ 127.090436831787898, 37.46702499277005 ], [ 127.091617473376502, 37.465626416568135 ], [ 127.09202781642432, 37.46478901637613 ], [ 127.092024434628215, 37.462274091289189 ], [ 127.093194323000489, 37.461272227765939 ], [ 127.094638598018861, 37.460950115728551 ], [ 127.095676584908645, 37.461004200494976 ], [ 127.095606589910801, 37.460249944270302 ], [ 127.095060096314057, 37.459769466879173 ], [ 127.095174153316336, 37.459461629389629 ], [ 127.094896196394544, 37.458480312754041 ], [ 127.09543969398608, 37.457558604547934 ], [ 127.095213864146004, 37.456321307375973 ], [ 127.094312207131679, 37.456225160702949 ], [ 127.093540414492878, 37.455888454835126 ], [ 127.092725510562758, 37.453634041115819 ], [ 127.091882256810166, 37.453466876563041 ], [ 127.091128841713299, 37.452955841161099 ], [ 127.090302866422363, 37.451266799235334 ], [ 127.089619571340137, 37.450886914821723 ], [ 127.089542792230091, 37.450166167143912 ], [ 127.088821134481265, 37.449749707728024 ], [ 127.088959590682677, 37.449461851008543 ], [ 127.088432140661752, 37.448994843028494 ], [ 127.088326818900526, 37.448627760332165 ], [ 127.088642405542487, 37.447597001957355 ], [ 127.088369357357763, 37.447240458364455 ], [ 127.088386577469279, 37.446397725148422 ], [ 127.088161337912453, 37.445385384053488 ], [ 127.087855125119717, 37.444894271018086 ], [ 127.086421352399483, 37.444262640502728 ], [ 127.085703064008086, 37.444417163420518 ], [ 127.083861952686718, 37.443921789237343 ], [ 127.083805078253448, 37.443416697182784 ], [ 127.082431871105101, 37.441579869458621 ], [ 127.081250174341235, 37.441118906106574 ], [ 127.080171654258422, 37.44105149450764 ], [ 127.079575397061163, 37.441386947463116 ], [ 127.079083404315895, 37.441299143792342 ], [ 127.078530680077037, 37.441557977250461 ], [ 127.078178959394506, 37.441552015967893 ], [ 127.077748460251257, 37.44186342130314 ], [ 127.077358541655371, 37.441631383380837 ], [ 127.07707800330661, 37.441651277095133 ], [ 127.076721456123721, 37.4419378536832 ], [ 127.076010629406184, 37.442139336595147 ], [ 127.075242906825395, 37.44194216393133 ], [ 127.074756039757048, 37.442219238084427 ], [ 127.073853082626997, 37.442213036567708 ], [ 127.072993372174011, 37.442017590436564 ], [ 127.072138498907108, 37.442263070207453 ], [ 127.071625945383033, 37.441523981523304 ], [ 127.072211715289413, 37.439382901290394 ], [ 127.072007826468337, 37.438856771339594 ], [ 127.073760191601153, 37.437789433348485 ], [ 127.07384350850883, 37.437407859494826 ], [ 127.073024227804922, 37.436406833175468 ], [ 127.071688750984848, 37.435981060089226 ], [ 127.071272089901413, 37.435601477569229 ], [ 127.071519820150542, 37.434116919433706 ], [ 127.070730816198434, 37.432940720587958 ], [ 127.070571090033184, 37.432416823236608 ], [ 127.071206752218202, 37.430817717650562 ], [ 127.071169664175613, 37.430420457494144 ], [ 127.070905172043766, 37.430191414291798 ], [ 127.070334868614779, 37.430479503015256 ], [ 127.069873675211696, 37.430972235229618 ], [ 127.06961542698717, 37.430611692259767 ], [ 127.068964194558077, 37.430432431398792 ], [ 127.068270263088422, 37.43067947658389 ], [ 127.067829914541775, 37.430406610487864 ], [ 127.066700365471007, 37.43012876377184 ], [ 127.065961405747572, 37.429532817832616 ], [ 127.065681656763687, 37.428985318414412 ], [ 127.064385648285352, 37.429113570685146 ], [ 127.063316199535009, 37.42975159881437 ], [ 127.062880825637777, 37.429703396360011 ], [ 127.06114498841302, 37.42998528249386 ], [ 127.059961345517422, 37.429568877434683 ], [ 127.059057375970255, 37.429663647583006 ], [ 127.058069930071341, 37.430010733424481 ], [ 127.053684395867577, 37.428974615983392 ], [ 127.052324620639439, 37.428297477788135 ], [ 127.051359062933145, 37.429198339845698 ], [ 127.050193509368313, 37.429902171581901 ], [ 127.049865227724297, 37.430309733758378 ], [ 127.047369237087693, 37.430701820399541 ], [ 127.047224753102469, 37.432040442716861 ], [ 127.046536432768335, 37.432650852205413 ], [ 127.046311644545867, 37.433447204295597 ], [ 127.045905606688549, 37.433481424614143 ], [ 127.044626178674079, 37.434068680170583 ], [ 127.044185729776657, 37.435055453584035 ], [ 127.042646237288125, 37.436372309751818 ], [ 127.041442904315929, 37.437109585048383 ], [ 127.041140444737124, 37.437414903405283 ], [ 127.041090314816202, 37.437769124583959 ], [ 127.040052774841726, 37.43823714473271 ], [ 127.039032414717468, 37.4381513185796 ], [ 127.038437347301425, 37.438360702034302 ], [ 127.037067762692118, 37.438274967489725 ], [ 127.036322754895409, 37.438778348219643 ], [ 127.035573724198045, 37.439004097752324 ], [ 127.03517185994545, 37.440941947592854 ], [ 127.036430989544399, 37.441832733078044 ], [ 127.036836628709167, 37.442359702020617 ], [ 127.036974778411661, 37.442896886404334 ], [ 127.037482936496772, 37.443266704556443 ], [ 127.037567963029176, 37.443837971403838 ], [ 127.037934860518391, 37.444178836139038 ], [ 127.038230393638102, 37.4451802682999 ], [ 127.038205660230219, 37.445858851452982 ], [ 127.037254024842767, 37.446448455659628 ], [ 127.037531513041884, 37.447361487847381 ], [ 127.037159240094013, 37.448010325567623 ], [ 127.037374755445512, 37.448564379481958 ], [ 127.037811965445911, 37.448922396151779 ], [ 127.037744397771618, 37.44941881742195 ], [ 127.036913528841282, 37.450808024592085 ], [ 127.036409701948074, 37.451496876545434 ], [ 127.036076732623556, 37.451663101897026 ], [ 127.035776421157195, 37.45219590919686 ], [ 127.035371337997987, 37.452226714193394 ], [ 127.034754688106247, 37.452617421282064 ], [ 127.034823596766628, 37.453106197623548 ], [ 127.035469192648137, 37.453437412904371 ], [ 127.035588157022815, 37.45408750843805 ], [ 127.036267406158515, 37.45426216885668 ], [ 127.036424932891265, 37.454650681152401 ], [ 127.037127697800614, 37.455207680413054 ], [ 127.036740648641427, 37.456443867848606 ], [ 127.035763291217407, 37.457481437503461 ], [ 127.035016099566505, 37.457893582243052 ], [ 127.034924219141601, 37.460175403478281 ], [ 127.034504201012467, 37.460064580736159 ], [ 127.034012979307803, 37.460300383658961 ], [ 127.033732221724804, 37.461236946855593 ], [ 127.034693386815931, 37.464154809138229 ], [ 127.03347971199355, 37.464635775316886 ], [ 127.033140585614021, 37.465017387747139 ], [ 127.031921763348365, 37.465518882128691 ], [ 127.031195544616381, 37.465626060975119 ], [ 127.030166276796962, 37.465362212684518 ], [ 127.029527274669192, 37.465374475368684 ], [ 127.02960614622593, 37.463275396119364 ], [ 127.029316285688395, 37.4627013536495 ], [ 127.028043093055203, 37.461245118320186 ], [ 127.028156964792387, 37.460621993862851 ], [ 127.028461787241767, 37.460131435744913 ], [ 127.028361920516531, 37.459893539121992 ], [ 127.026572282318924, 37.459641650722666 ], [ 127.026401265585477, 37.459454449015801 ], [ 127.026445043117434, 37.458336625878985 ], [ 127.025995414789833, 37.457816957003182 ], [ 127.025277614134509, 37.45749386786688 ], [ 127.022792765644766, 37.457250502276196 ], [ 127.021695466506884, 37.456315054690208 ], [ 127.020365825781838, 37.456158165916548 ], [ 127.019692007786418, 37.455786606689799 ], [ 127.019060488006232, 37.4557489770242 ], [ 127.017545374301235, 37.456135210030673 ], [ 127.017259794994033, 37.456057257382881 ], [ 127.016946320386182, 37.455969730000689 ], [ 127.016287989001526, 37.455229583976013 ], [ 127.015064993281996, 37.454831882450144 ], [ 127.014509614810379, 37.454861227501375 ], [ 127.013386717915253, 37.455347609368381 ], [ 127.012372560387703, 37.45554873925505 ], [ 127.010823265344754, 37.455423009952682 ], [ 127.010584247002924, 37.456168889942703 ], [ 127.008710868199628, 37.457764933626443 ], [ 127.008214027296404, 37.459099856020991 ], [ 127.007269449304346, 37.460141413466587 ], [ 127.00704092211457, 37.46021546895323 ], [ 127.006024291082468, 37.461824931851062 ], [ 127.00615746834572, 37.461888276330164 ], [ 127.005769480638179, 37.462548276779287 ], [ 127.004968755439236, 37.463186898816602 ], [ 127.004748368577395, 37.463836186819755 ], [ 127.004469669436858, 37.464073275376961 ], [ 127.004805451401424, 37.464880503218289 ], [ 127.004683599825626, 37.465172206636922 ], [ 127.004905463691514, 37.465842601564106 ], [ 127.004488838973401, 37.466328316992886 ], [ 127.00452453256743, 37.466797685061522 ], [ 127.003675356063667, 37.46772038557684 ], [ 127.002734819139292, 37.467124610281168 ], [ 127.001962795315947, 37.467087449316978 ], [ 127.001485917123688, 37.467323116713793 ], [ 127.000476862622961, 37.467062947304363 ], [ 126.998779506858554, 37.467234110919726 ], [ 126.997801907958618, 37.467022627657741 ], [ 126.997426742120751, 37.467242234951719 ], [ 126.996751874096816, 37.467072433527349 ], [ 126.996231045244556, 37.46660839439955 ], [ 126.996643180715168, 37.465427529261504 ], [ 126.996619202755042, 37.464778525991022 ], [ 126.997193593633767, 37.464184164919992 ], [ 126.997370769093052, 37.463687492644944 ], [ 126.996984902927892, 37.463158985352692 ], [ 126.996768627351059, 37.46187335153413 ], [ 126.994289929178564, 37.461421318090977 ], [ 126.993354412166909, 37.461495869390248 ], [ 126.992895118326317, 37.460947917793845 ], [ 126.992655181960373, 37.460343938508913 ], [ 126.991698470659358, 37.4605190002328 ], [ 126.991332059240165, 37.460136042166901 ], [ 126.989994536276086, 37.459462976788025 ], [ 126.989499128345571, 37.458522791752159 ], [ 126.988645845159667, 37.458144838375176 ], [ 126.987876014831315, 37.459272422989663 ], [ 126.987524126485184, 37.460669498077728 ], [ 126.988339479232479, 37.463999362190606 ], [ 126.987934499257463, 37.465937322179677 ], [ 126.987247190257136, 37.467227649951198 ], [ 126.987104658871459, 37.46722820028868 ], [ 126.987273793297149, 37.467619031172205 ], [ 126.984921767542559, 37.469633305226012 ], [ 126.983193671626324, 37.471613292916686 ], [ 126.982157694703574, 37.473723159515131 ], [ 126.981717881008819, 37.475680235551657 ], [ 126.982188610872456, 37.486727999050565 ], [ 126.982625558653965, 37.490075565983602 ], [ 126.982925603930923, 37.496993886003814 ], [ 126.985385099442667, 37.499860829771706 ], [ 126.983412250252911, 37.501257091837488 ], [ 126.980388218967974, 37.502862619400567 ], [ 126.979834915460543, 37.504178264836398 ], [ 126.979839280412321, 37.504375638277146 ], [ 126.980397096608357, 37.504589726354794 ], [ 126.980403614601002, 37.506544604609367 ], [ 126.98554076691984, 37.506543446869451 ], [ 126.990684040815182, 37.513095685998508 ], [ 127.000791984133173, 37.519500858335604 ], [ 127.006456452960521, 37.523440080645486 ], [ 127.008578264092634, 37.525595035756709 ], [ 127.013171648800139, 37.522591826517242 ] ] ] ] } },
{ "type": "Feature", "properties": { "SIG_CD": "11680", "SIG_ENG_NM": "Gangnam-gu", "SIG_KOR_NM": "강남구" }, "geometry": { "type": "MultiPolygon", "coordinates": [ [ [ [ 127.039679718555504, 37.53584014091858 ], [ 127.046010352782119, 37.534260619724037 ], [ 127.055127050317296, 37.528667581174176 ], [ 127.060156477248526, 37.52709070359635 ], [ 127.065456287427978, 37.52507028414643 ], [ 127.066463900404926, 37.524960209467764 ], [ 127.067501152440911, 37.524583748538774 ], [ 127.06772805939859, 37.519321250702163 ], [ 127.06981675995786, 37.502739186375273 ], [ 127.076987584270981, 37.502069769205598 ], [ 127.084214312078117, 37.499652787569559 ], [ 127.094794252757055, 37.496680910385962 ], [ 127.097801097096522, 37.495479043154866 ], [ 127.097400699720936, 37.495189355172727 ], [ 127.098794396671195, 37.494894823491137 ], [ 127.099762678348284, 37.494508845089129 ], [ 127.103307571603921, 37.492820416633528 ], [ 127.107006963779185, 37.490291561253187 ], [ 127.111511555006558, 37.484024933570304 ], [ 127.112972661484179, 37.481715596306636 ], [ 127.124206931512688, 37.466520883919323 ], [ 127.121859354684673, 37.46513885188179 ], [ 127.12143936548847, 37.464372299428014 ], [ 127.120745732123282, 37.46389181117884 ], [ 127.117474848402466, 37.462200610739352 ], [ 127.116989293381977, 37.461484508535861 ], [ 127.116896093121596, 37.458640524961687 ], [ 127.115496066425663, 37.458697916947884 ], [ 127.115148526867898, 37.459060059035913 ], [ 127.113955363223241, 37.459516766160206 ], [ 127.113271114680387, 37.460054918423396 ], [ 127.113233411610921, 37.460353411795559 ], [ 127.11276301005698, 37.460530398331535 ], [ 127.113291877575463, 37.460836808442174 ], [ 127.113333925097663, 37.461087644314631 ], [ 127.11222985331014, 37.461505389247243 ], [ 127.109891098409832, 37.461941453684645 ], [ 127.109459183451932, 37.461870894888186 ], [ 127.108153545230124, 37.462274432640996 ], [ 127.107301786496592, 37.462180872003607 ], [ 127.106880127077133, 37.462369900941042 ], [ 127.106167365106245, 37.462406853731189 ], [ 127.105608252087606, 37.462178438387596 ], [ 127.104341229769659, 37.462174754226432 ], [ 127.10478030772228, 37.461160182931451 ], [ 127.104023415047308, 37.460557448205542 ], [ 127.103941659728093, 37.46005099237339 ], [ 127.103442877240823, 37.459751830567228 ], [ 127.10269190459195, 37.459724328468511 ], [ 127.102634170392918, 37.459867403349712 ], [ 127.101852653916907, 37.459177962944764 ], [ 127.10138119348747, 37.458972816060403 ], [ 127.101164806418367, 37.458540516419582 ], [ 127.101277797359785, 37.458241683937445 ], [ 127.100765888549205, 37.457759798011743 ], [ 127.099738774935247, 37.457354636229468 ], [ 127.099095704791921, 37.456218776263029 ], [ 127.098893193303184, 37.456116174639007 ], [ 127.098237459725325, 37.456371247053092 ], [ 127.096365316896822, 37.456346860438558 ], [ 127.095769337896499, 37.456519654465488 ], [ 127.095222782208211, 37.456394227664369 ], [ 127.09543969398608, 37.457558604547934 ], [ 127.094896196394544, 37.458480312754041 ], [ 127.095174153316336, 37.459461629389629 ], [ 127.095060096314057, 37.459769466879173 ], [ 127.095606589910801, 37.460249944270302 ], [ 127.095676584908645, 37.461004200494976 ], [ 127.094638598018861, 37.460950115728551 ], [ 127.093194323000489, 37.461272227765939 ], [ 127.092024434628215, 37.462274091289189 ], [ 127.09202781642432, 37.46478901637613 ], [ 127.091617473376502, 37.465626416568135 ], [ 127.090436831787898, 37.46702499277005 ], [ 127.090166455739137, 37.4670457477947 ], [ 127.089460399709608, 37.467573930033979 ], [ 127.089038339947265, 37.468240418283955 ], [ 127.088985038471108, 37.468121642429779 ], [ 127.088445940414928, 37.468095848052599 ], [ 127.088164824769251, 37.468315674086483 ], [ 127.087594947621497, 37.469317898120238 ], [ 127.087532051242292, 37.469762255625 ], [ 127.087185464502198, 37.469884133806701 ], [ 127.086711914462498, 37.470660753390057 ], [ 127.085896012394201, 37.471100010126627 ], [ 127.085027620578344, 37.4712000256538 ], [ 127.084172553690237, 37.472818764860889 ], [ 127.084480545363519, 37.474039975207916 ], [ 127.08450592786015, 37.475105951394411 ], [ 127.084882093363731, 37.4755122639124 ], [ 127.084504714567231, 37.475613892305383 ], [ 127.083916811067184, 37.475418615037491 ], [ 127.083232434988219, 37.475526651942907 ], [ 127.082750140853378, 37.475303707094923 ], [ 127.081875914718765, 37.475293880250135 ], [ 127.07899079549577, 37.474767035777909 ], [ 127.078515480887901, 37.47496106197633 ], [ 127.077934622293043, 37.474736188433702 ], [ 127.076911067305232, 37.475157785251795 ], [ 127.076466111735741, 37.474458665159382 ], [ 127.075371917457872, 37.473489370761669 ], [ 127.074229967042143, 37.472952567779892 ], [ 127.073845056194386, 37.472935351578499 ], [ 127.072683964150016, 37.4719579008474 ], [ 127.071918366563111, 37.47188346808305 ], [ 127.070747675294896, 37.471361866342932 ], [ 127.070422564597862, 37.471050642685803 ], [ 127.069937060342212, 37.470928442431116 ], [ 127.069619411224735, 37.471048288139457 ], [ 127.06857423956879, 37.471007773088438 ], [ 127.067868427971135, 37.470427871433408 ], [ 127.066453529642232, 37.470135552062565 ], [ 127.065619503306834, 37.469538245821617 ], [ 127.064155853274329, 37.469205947802941 ], [ 127.063813029788761, 37.469001430065425 ], [ 127.063235484607347, 37.469039746448587 ], [ 127.062599698524309, 37.469340777661927 ], [ 127.062135472968535, 37.469082257547797 ], [ 127.060918817812279, 37.468917982756032 ], [ 127.060346264876273, 37.469125112529142 ], [ 127.059086779834587, 37.469194722655025 ], [ 127.058708580027826, 37.468905458950744 ], [ 127.057197253107972, 37.469008390552176 ], [ 127.056532030949882, 37.468478524647779 ], [ 127.056084437624548, 37.468438178008768 ], [ 127.055044404613739, 37.468853115285484 ], [ 127.05421019144093, 37.468113820379948 ], [ 127.053243193772687, 37.468159027486223 ], [ 127.050755562443968, 37.46729596461762 ], [ 127.051096054969875, 37.468589609383038 ], [ 127.051034749486334, 37.469356046646176 ], [ 127.050435880986953, 37.469750205737412 ], [ 127.048859550953978, 37.469893035110388 ], [ 127.048669415083083, 37.470059796743435 ], [ 127.050826405834272, 37.471635392603822 ], [ 127.045039803004244, 37.477316802246165 ], [ 127.044143553599213, 37.479290035113095 ], [ 127.043889360260835, 37.480560539068485 ], [ 127.041608942082973, 37.485239225678065 ], [ 127.041750776397663, 37.485436010137299 ], [ 127.034087350283968, 37.484368973013076 ], [ 127.020515428096999, 37.512799019929041 ], [ 127.017822454813626, 37.521811969160083 ], [ 127.016939903316, 37.523024557081072 ], [ 127.015224471075882, 37.52484852680746 ], [ 127.013177100717158, 37.522587960709423 ], [ 127.008578264092634, 37.525595035756709 ], [ 127.012290821219608, 37.529536047894155 ], [ 127.01501992809655, 37.532132315062483 ], [ 127.017747343833776, 37.534248459917166 ], [ 127.021173138290536, 37.53582003774261 ], [ 127.039679718555504, 37.53584014091858 ] ] ] ] } },
{ "type": "Feature", "properties": { "SIG_CD": "11710", "SIG_ENG_NM": "Songpa-gu", "SIG_KOR_NM": "송파구" }, "geometry": { "type": "MultiPolygon", "coordinates": [ [ [ [ 127.113105044430029, 37.543170920447011 ], [ 127.113046938958945, 37.54298035249964 ], [ 127.116522375283182, 37.541959186633278 ], [ 127.1173345646759, 37.541488183212209 ], [ 127.11895205196673, 37.541120837158076 ], [ 127.118848433396636, 37.540993963337449 ], [ 127.120256804558807, 37.540328911933621 ], [ 127.121849308428509, 37.539288915490161 ], [ 127.12343992286678, 37.538644480098164 ], [ 127.120605755147452, 37.530628813215252 ], [ 127.11909281044241, 37.527959729114833 ], [ 127.138165431715521, 37.519527292463884 ], [ 127.138311631524161, 37.519350861544616 ], [ 127.138564916219281, 37.519352261815179 ], [ 127.143828091494896, 37.517032444079639 ], [ 127.145112257627744, 37.516832679955904 ], [ 127.145328856750751, 37.5166071585463 ], [ 127.145439164237004, 37.516064741958026 ], [ 127.144603549915146, 37.515606249304867 ], [ 127.140614379138412, 37.515588768547637 ], [ 127.141209669097819, 37.515044369138096 ], [ 127.14342993290137, 37.513880284788648 ], [ 127.143528350193989, 37.512656784969529 ], [ 127.142884662717378, 37.512733294793712 ], [ 127.141439619972232, 37.512400241135133 ], [ 127.141104995859834, 37.511126853400079 ], [ 127.141217183694977, 37.510822634461526 ], [ 127.140946887009221, 37.510397800563155 ], [ 127.140343041958303, 37.510224781581549 ], [ 127.139934852402064, 37.508523502962227 ], [ 127.140309265418153, 37.508304571910941 ], [ 127.140347125472459, 37.507751540541079 ], [ 127.140884831418433, 37.507437531627154 ], [ 127.141516647498946, 37.50670810314908 ], [ 127.140812847047954, 37.505978568766423 ], [ 127.141048394401352, 37.505406716117115 ], [ 127.142122555068113, 37.505075731542973 ], [ 127.142232985134441, 37.504884417416662 ], [ 127.14342402412322, 37.504413636115338 ], [ 127.144103264403199, 37.504396483161358 ], [ 127.144547180424112, 37.504215747036767 ], [ 127.144873737818642, 37.504030088105715 ], [ 127.145126061072517, 37.503556478616801 ], [ 127.145415974513369, 37.503613843742599 ], [ 127.145502499166568, 37.503305705255485 ], [ 127.145952064086302, 37.503226886805152 ], [ 127.147194282658774, 37.50338388304985 ], [ 127.147694918981685, 37.503212066086796 ], [ 127.14805382252851, 37.503577372411321 ], [ 127.148602432885369, 37.503722823432575 ], [ 127.150204567826592, 37.504742044374886 ], [ 127.152109138596359, 37.502970298091967 ], [ 127.152844245496311, 37.50305523282929 ], [ 127.153230829395838, 37.502679417435893 ], [ 127.153954059203542, 37.50266384522903 ], [ 127.156437957514086, 37.501859005431385 ], [ 127.157729236946565, 37.503178951437597 ], [ 127.158866115679317, 37.502390196048566 ], [ 127.159396899229094, 37.501362638836497 ], [ 127.160504268654137, 37.501094512480826 ], [ 127.161431086841745, 37.500022479643775 ], [ 127.161354430687624, 37.499537459024978 ], [ 127.160632981880497, 37.498549299136911 ], [ 127.160566560751079, 37.497554911726063 ], [ 127.159779427955058, 37.496823628253232 ], [ 127.160026214097897, 37.494374554236217 ], [ 127.159756995496096, 37.493641438941061 ], [ 127.158650867129083, 37.492426575517612 ], [ 127.158235395729776, 37.490611893056879 ], [ 127.157282319058098, 37.489950071825561 ], [ 127.158382090584638, 37.489894304563109 ], [ 127.158513602449148, 37.489665573325041 ], [ 127.15043019994377, 37.485248893168517 ], [ 127.149921706150494, 37.484905729206112 ], [ 127.149094697543532, 37.483882669847965 ], [ 127.148683051201417, 37.484043191964304 ], [ 127.147525323729624, 37.482013862716848 ], [ 127.147145329539853, 37.477221797874954 ], [ 127.144370473035309, 37.47733114286968 ], [ 127.144269215384995, 37.476394755057861 ], [ 127.143618855111697, 37.475170653925652 ], [ 127.143526587688527, 37.473930418369328 ], [ 127.136396951707411, 37.474170482121316 ], [ 127.132856049048655, 37.474626458497021 ], [ 127.132687042529767, 37.47428578808394 ], [ 127.132592563586911, 37.472794986348958 ], [ 127.132824236021051, 37.471200927693872 ], [ 127.132656748417332, 37.471207528820102 ], [ 127.131982776465989, 37.469798241493095 ], [ 127.132799600344299, 37.468393664287454 ], [ 127.130544708015719, 37.467738622695123 ], [ 127.129268155088596, 37.467975928274676 ], [ 127.128268310471753, 37.468389655365527 ], [ 127.126665974038659, 37.46862540771729 ], [ 127.125203014290861, 37.469619745236763 ], [ 127.124878340862196, 37.4695972802255 ], [ 127.125168202575466, 37.468751439965565 ], [ 127.125199370207454, 37.46783323102833 ], [ 127.125047944262278, 37.467264631071835 ], [ 127.124209700397074, 37.466517103857846 ], [ 127.112972608868418, 37.481715199339021 ], [ 127.11151150224994, 37.484024536816683 ], [ 127.107006910592176, 37.490291165078851 ], [ 127.103515139101134, 37.492702711679755 ], [ 127.099762624495867, 37.494508449292582 ], [ 127.098794342730585, 37.494894427728283 ], [ 127.097400645654673, 37.495188959433719 ], [ 127.097801043064649, 37.495478647444408 ], [ 127.094794198451424, 37.496680514780486 ], [ 127.084214256814533, 37.49965239221455 ], [ 127.076987528350998, 37.50206937405833 ], [ 127.069816703394324, 37.502738791270417 ], [ 127.069700392093537, 37.503465279262208 ], [ 127.067708900014622, 37.519503598810374 ], [ 127.067501095570478, 37.524583355496233 ], [ 127.068663537553192, 37.523871193663368 ], [ 127.07205542396747, 37.523414781868198 ], [ 127.074318969909072, 37.522869711908363 ], [ 127.076954032382986, 37.522514706093567 ], [ 127.079975926909015, 37.522950278732694 ], [ 127.085633242283507, 37.524760205343377 ], [ 127.090142197027106, 37.527007142233195 ], [ 127.108283229152079, 37.541407740026358 ], [ 127.108451744893912, 37.542041381406904 ], [ 127.109142706620275, 37.543165867376842 ], [ 127.113105044430029, 37.543170920447011 ] ] ] ] } },
{ "type": "Feature", "properties": { "SIG_CD": "11740", "SIG_ENG_NM": "Gangdong-gu", "SIG_KOR_NM": "강동구" }, "geometry": { "type": "MultiPolygon", "coordinates": [ [ [ [ 127.178338652593865, 37.570584486022909 ], [ 127.17921602092656, 37.56891831604851 ], [ 127.179496538878098, 37.567730554597347 ], [ 127.17946866101164, 37.566270159147159 ], [ 127.179665083543071, 37.565279335232233 ], [ 127.181185730504723, 37.56301696623246 ], [ 127.181995419252601, 37.560992445434152 ], [ 127.181984239180849, 37.55965590033113 ], [ 127.18155369671446, 37.557553316727343 ], [ 127.181683811024456, 37.555995812976441 ], [ 127.181392105697142, 37.554921548858154 ], [ 127.181495371140258, 37.554331802159446 ], [ 127.181340371580475, 37.552965354504082 ], [ 127.181703889215584, 37.552508386090601 ], [ 127.182933109672362, 37.551753051432044 ], [ 127.183119088910772, 37.551081816532644 ], [ 127.182844552360336, 37.54942948055065 ], [ 127.183076019372635, 37.548632874902395 ], [ 127.182676354995976, 37.547875809990416 ], [ 127.182724441368592, 37.546704169429411 ], [ 127.182825413399996, 37.546344465184745 ], [ 127.183794925065669, 37.545574310609076 ], [ 127.18353916923563, 37.545170394555036 ], [ 127.182846543636956, 37.545579716996244 ], [ 127.182202428727763, 37.54572486277813 ], [ 127.181692824679587, 37.546444748995853 ], [ 127.181256435399135, 37.54657971565161 ], [ 127.17933127924438, 37.546567421420889 ], [ 127.176793383558177, 37.545754413526083 ], [ 127.176637525896453, 37.545335963381198 ], [ 127.175981383728413, 37.545636513980241 ], [ 127.175717465505642, 37.545208095066457 ], [ 127.174314708753315, 37.545297714261622 ], [ 127.174137974570016, 37.545712428478545 ], [ 127.173615457195197, 37.545539750399683 ], [ 127.172107092239131, 37.545534622906885 ], [ 127.169763627983102, 37.544805082925045 ], [ 127.168822720013921, 37.545148237614818 ], [ 127.167949813622229, 37.545059930595855 ], [ 127.16697821554969, 37.54520264336783 ], [ 127.166746459624591, 37.54481835285911 ], [ 127.166893943052614, 37.544273326179962 ], [ 127.165298726180694, 37.544398876992247 ], [ 127.16516822457811, 37.544632189333491 ], [ 127.163162778691529, 37.544991401476722 ], [ 127.161262698573296, 37.54294901647647 ], [ 127.16031046786108, 37.5416261316728 ], [ 127.159723457763775, 37.541356901364829 ], [ 127.159572921877128, 37.540987137770323 ], [ 127.159101564340403, 37.540725912477939 ], [ 127.157651441435519, 37.539270205057228 ], [ 127.157174678521997, 37.538441354178964 ], [ 127.156940816828538, 37.538370997377484 ], [ 127.156788888747769, 37.537658566535505 ], [ 127.156540582226881, 37.53744659195003 ], [ 127.156032810375194, 37.53734280535587 ], [ 127.154526108088334, 37.534869281361665 ], [ 127.154021376223668, 37.534514889033069 ], [ 127.153566738261205, 37.533665451647515 ], [ 127.15393354804138, 37.531919863656611 ], [ 127.153376739472833, 37.531330998043693 ], [ 127.153539153403671, 37.530437111941914 ], [ 127.153128933796822, 37.529948291741569 ], [ 127.153290241569067, 37.529468864191152 ], [ 127.153163822627008, 37.529109196811277 ], [ 127.150402023266821, 37.526372842635311 ], [ 127.149868748272553, 37.526207667685455 ], [ 127.149455290631693, 37.525750931807508 ], [ 127.149595966137099, 37.525293789342108 ], [ 127.149476292709721, 37.525020541651926 ], [ 127.148595635223145, 37.523561183870925 ], [ 127.148598450859922, 37.52319177264804 ], [ 127.148179185014527, 37.52292227495078 ], [ 127.147797481323437, 37.522149866137418 ], [ 127.14566577578951, 37.521932310825946 ], [ 127.144785903314926, 37.519624581985347 ], [ 127.14482728095598, 37.517973737444947 ], [ 127.145091985293504, 37.5168353416963 ], [ 127.143828141518583, 37.517032837622978 ], [ 127.138564966722186, 37.519352655153781 ], [ 127.138311682049647, 37.519351254884022 ], [ 127.138165482254806, 37.519527685787018 ], [ 127.119092862719583, 37.527960121693184 ], [ 127.120605807301189, 37.530629205537039 ], [ 127.12343997480211, 37.538644871654157 ], [ 127.121849360508591, 37.539289306989509 ], [ 127.120256856785531, 37.540329303338901 ], [ 127.118848485751926, 37.540994354683619 ], [ 127.118952104313323, 37.541121228491953 ], [ 127.117334617168495, 37.541488574515718 ], [ 127.116522427850271, 37.541959577894424 ], [ 127.113046991840775, 37.542980743673603 ], [ 127.113105097307482, 37.543171311602777 ], [ 127.109142759851579, 37.543166258543863 ], [ 127.111465662201184, 37.546942930843507 ], [ 127.111557445899962, 37.550507255319133 ], [ 127.114268055306653, 37.554379019553124 ], [ 127.115645631833644, 37.557699879464188 ], [ 127.11733926445828, 37.559463619789909 ], [ 127.120096495831334, 37.561199503513102 ], [ 127.122955567911148, 37.56348990213975 ], [ 127.128610491406079, 37.566160435334915 ], [ 127.134266367633501, 37.567953944017781 ], [ 127.137665791605514, 37.568424208703256 ], [ 127.148949818107866, 37.568434317341563 ], [ 127.154981334058391, 37.57204353648708 ], [ 127.156899443314288, 37.572954114713596 ], [ 127.162555311613019, 37.576730119706006 ], [ 127.166747436740025, 37.578975665422362 ], [ 127.170251484564815, 37.579016884703307 ], [ 127.171837487451043, 37.579262378261198 ], [ 127.175106412412873, 37.58026699992427 ], [ 127.176518554954399, 37.581034698879968 ], [ 127.177154873872709, 37.581200715469365 ], [ 127.177060417109573, 37.579544727755533 ], [ 127.176537510077949, 37.578932275363279 ], [ 127.17544231566491, 37.578363173586695 ], [ 127.175327550947742, 37.57723513723549 ], [ 127.1757639683577, 37.575660867855689 ], [ 127.175702074409713, 37.574832051925505 ], [ 127.176131569748335, 37.57408895072426 ], [ 127.176943684789151, 37.57329403185765 ], [ 127.17781931125316, 37.57205809668411 ], [ 127.177839655257756, 37.571463694408813 ], [ 127.178338652593865, 37.570584486022909 ] ] ] ] } }
]
}
